Table S1: IEI Candidate Genes without Filter,,,,
,pLI,AssociatedGene,pNull,pRec
1,4.52E-11,A2M,8.49E-09,1
2,1,AAK1,5.58E-18,6.05E-07
3,2.11E-55,ABCA7,1,5.07E-07
4,1.26E-05,ABCB1,5.56E-09,0.99999
5,0.00025164,ABCB9,0.00065257,0.9991
6,0.0011727,ABCC1,8.23E-12,0.99883
7,1.07E-07,ABCC4,1.78E-09,1
8,0.63911,ABI1,1.03E-05,0.36088
9,0.99998,ABL1,3.94E-15,1.72E-05
10,3.64E-07,ABL2,4.45E-06,1
11,0.9301,ABLIM1,1.85E-10,0.069898
12,0.87464,ACER3,1.22E-05,0.12534
13,1.75E-08,ACP1,0.93017,0.06983
14,2.55E-16,ACPP,0.99132,0.0086825
15,2.89E-09,ACSL5,0.0009302,0.99907
16,1.14E-06,ACTA1,0.41379,0.5862
17,0.93017,ACTA2,1.32E-05,0.069821
18,0.99997,ACTN1,1.53E-16,3.25E-05
19,0.99896,ACTR2,2.09E-09,0.0010389
20,0.3254,ACVR1,2.52E-05,0.67457
21,0.99969,ACVR1B,1.13E-10,0.00031361
22,0.00096719,ACVRL1,0.0022927,0.99674
23,2.44E-16,ADAM15,0.054813,0.94519
24,6.80E-05,ADAM19,2.94E-07,0.99993
25,3.12E-12,ADAMTSL1,6.60E-10,1
26,0.026282,ADAR,3.17E-08,0.97372
27,0.99928,ADCY5,5.86E-14,0.00071925
28,9.48E-07,ADCY7,1.12E-06,1
29,0.9961,ADD2,8.84E-11,0.0039024
30,0.9988,ADD3,2.44E-11,0.0011952
31,1.71E-11,ADH1A,0.9683,0.031702
32,0.015215,ADORA1,0.097409,0.88738
33,1.77E-05,ADORA2B,0.53986,0.46012
34,0.00081816,ADRA2A,0.20337,0.79582
35,0.52545,ADRB2,0.0031518,0.47139
36,0.99921,AEBP2,5.26E-09,0.00078725
37,2.01E-10,AEN,0.98098,0.019022
38,NA,AFDN,NA,NA
39,0.71038,AFF1,3.55E-10,0.28962
40,0.99996,AFF3,5.72E-17,4.18E-05
41,1.14E-11,AFP,0.086727,0.91327
42,0.99984,AGAP1,7.68E-15,0.00016213
43,6.35E-16,AGER,0.98516,0.014845
44,0.00025383,AGFG2,0.015188,0.98456
45,4.97E-08,AGT,0.76986,0.23014
46,0.00053161,AGTR1,0.28774,0.71173
47,1.08E-25,AHI1,0.83422,0.16578
48,0.89827,AHNAK,2.75E-16,0.10173
49,0.99896,AHSA1,1.03E-08,0.0010363
50,0.99795,AIFM1,2.22E-09,0.0020511
51,1.11E-05,AIFM2,0.17797,0.82202
52,2.19E-09,AIM2,0.92404,0.075964
53,0.035666,AKAP12,9.86E-08,0.96433
54,0.92909,AKAP13,1.51E-21,0.070907
55,0.99983,AKAP6,2.49E-20,0.00017192
56,0.66425,AKAP8,1.65E-06,0.33575
57,0.9759,AKT1,3.80E-08,0.024102
58,0.111,AKT1S1,0.025939,0.86306
59,0.64432,AKT2,9.81E-06,0.35567
60,0.99958,AKT3,2.36E-10,0.00042409
61,0.73267,ALCAM,8.23E-07,0.26732
62,0.36331,ALDH1A2,1.87E-05,0.63667
63,0.14128,ALDH1A3,0.00015006,0.85857
64,3.23E-06,ALK,6.56E-11,1
65,1.21E-06,ALOX5,9.60E-05,0.9999
66,0.070729,ALOX5AP,0.051608,0.87766
67,0.0003636,ALPL,0.0018949,0.99774
68,1,AMBRA1,1.24E-19,2.44E-07
69,3.40E-12,AMH,0.98768,0.012321
70,2.70E-10,AMHR2,0.10549,0.89451
71,0.99666,AMOT,2.99E-10,0.00334
72,0.0018316,AMOTL1,3.12E-07,0.99817
73,1.13E-12,AMPD3,0.095375,0.90463
74,0.95208,ANGPT1,2.10E-07,0.04792
75,0.83208,ANGPT2,1.09E-06,0.16792
76,1,ANK3,1.28E-56,4.25E-21
77,2.09E-10,ANKFN1,0.00165,0.99835
78,1,ANKRD11,1.85E-30,1.69E-11
79,1,ANKRD28,8.35E-18,2.65E-06
80,0.33657,ANKRD44,0.00056124,0.66287
81,0.99998,ANKS1B,1.17E-17,2.18E-05
82,7.32E-32,ANO6,0.9997,0.00029551
83,0.98961,ANP32A,2.85E-06,0.010384
84,0.98631,ANTXR1,1.91E-09,0.013688
85,1.20E-07,ANXA1,0.19027,0.80973
86,9.77E-05,ANXA2,0.012195,0.98771
87,1.19E-08,ANXA4,0.20619,0.79381
88,6.27E-11,AOC3,0.36833,0.63167
89,1.17E-31,AOX1,0.9281,0.071904
90,2.33E-05,AP3S2,0.48298,0.51699
91,9.62E-06,APAF1,1.65E-09,0.99999
92,0.96811,APBB1,1.54E-08,0.031892
93,1,APC,4.65E-34,5.56E-11
94,0.031714,APCS,0.34734,0.62095
95,1.92E-07,APEX1,0.55414,0.44586
96,0.79479,APH1A,0.00022885,0.20498
97,1.36E-18,APOBEC3D,0.99923,0.000768
98,1.35E-07,APOBEC3F,0.17103,0.82897
99,0.0018685,APOE,0.086502,0.91163
100,0.0010662,APOL4,0.37697,0.62197
101,0.096029,APOL6,0.31172,0.59225
102,0.046544,APP,6.55E-08,0.95346
103,0.98837,AR,3.12E-08,0.011631
104,0.96322,ARAF,5.35E-07,0.036779
105,0.47061,AREG,0.021846,0.50754
106,0.0015429,ARFGAP1,0.00023811,0.99822
107,0.76774,ARHGAP1,1.33E-05,0.23225
108,1.31E-17,ARHGAP10,0.32542,0.67458
109,5.51E-07,ARHGAP12,1.21E-05,0.99999
110,1.37E-08,ARHGAP15,0.052122,0.94788
111,3.40E-09,ARHGAP22,0.073763,0.92624
112,3.95E-10,ARHGAP24,0.015621,0.98438
113,0.94635,ARHGAP25,5.64E-08,0.053646
114,0.99661,ARHGAP26,2.56E-12,0.0033878
115,0.99999,ARHGAP31,2.90E-17,8.52E-06
116,0.99978,ARHGAP32,2.36E-19,0.00022476
117,0.028562,ARHGAP33,5.66E-09,0.97144
118,1,ARHGAP35,2.05E-21,6.33E-09
119,1,ARHGAP42,1.86E-17,1.91E-06
120,0.99862,ARHGAP5,2.88E-13,0.0013832
121,0.99845,ARHGAP6,1.12E-09,0.0015474
122,0.0006377,ARHGDIB,0.25067,0.74869
123,0.00047308,ARHGEF10L,3.67E-09,0.99953
124,1,ARHGEF12,7.22E-28,1.00E-08
125,1,ARHGEF2,7.54E-20,3.84E-07
126,0.0040454,ARHGEF3,1.20E-05,0.99594
127,0.99998,ARHGEF6,1.28E-13,1.94E-05
128,0.99995,ARHGEF7,4.33E-14,4.61E-05
129,1,ARID1A,5.87E-34,1.67E-13
130,1,ARID1B,2.82E-32,3.04E-12
131,0.99065,ARID3A,9.03E-08,0.0093488
132,1,ARID5B,8.53E-17,9.62E-07
133,0.99374,ARIH2,2.80E-10,0.006259
134,0.99444,ARNTL,1.04E-09,0.0055556
135,0.99394,ARRB1,3.13E-08,0.0060619
136,0.50658,ARRB2,3.08E-05,0.49339
137,1.71E-07,ARRDC4,0.34223,0.65777
138,6.37E-10,ARSG,0.58213,0.41787
139,5.04E-11,ARVCF,0.012385,0.98762
140,1,ASAP1,1.66E-19,1.97E-06
141,1.15E-20,ASCC3,5.56E-11,1
142,0.99968,ASH2L,4.73E-12,0.00031653
143,0.63426,ATF1,0.00026187,0.36548
144,0.99131,ATF2,1.53E-08,0.0086885
145,0.089296,ATF3,0.036568,0.87414
146,0.015659,ATF4,0.094186,0.89015
147,4.67E-17,ATG4C,0.99383,0.0061658
148,7.38E-12,ATG7,0.13978,0.86022
149,0.98109,ATL1,4.22E-09,0.018911
150,0.017833,ATOH1,0.08061,0.90156
151,0.9997,ATP11C,1.64E-13,0.00029572
152,0.98939,ATP13A1,3.46E-13,0.01061
153,0.99945,ATP2A2,1.51E-13,0.00055087
154,0.99797,ATP6V0A1,7.39E-13,0.0020346
155,3.67E-34,ATP8B4,0.99965,0.00034632
156,3.52E-09,ATR,3.81E-19,1
157,1.99E-05,ATRIP,0.00020664,0.99977
158,0.97498,ATXN1,2.06E-07,0.02502
159,0.8676,AURKA,1.41E-05,0.13238
160,0.0044521,AURKB,0.0061422,0.98941
161,0.99934,AUTS2,4.77E-14,0.00066098
162,0.40765,AXIN1,5.43E-07,0.59235
163,0.012951,AXL,9.05E-08,0.98705
164,2.71E-08,B3GAT3,0.70147,0.29853
165,0.87888,BACE1,2.25E-06,0.12112
166,0.57072,BACH1,1.85E-05,0.42926
167,0.0046237,BAD,0.29875,0.69663
168,6.53E-06,BAG1,0.27741,0.72258
169,0.61738,BAG3,6.16E-05,0.38256
170,7.40E-06,BAK1,0.48989,0.5101
171,0.99388,BANP,6.48E-09,0.0061187
172,1.38E-24,BARD1,0.99969,0.00030599
173,0.31746,BAX,0.015156,0.66739
174,0.0039762,BBC3,0.33116,0.66487
175,0.43366,BCAP31,0.0063174,0.56002
176,0.99808,BCAR1,3.81E-10,0.0019177
177,0.58213,BCAR3,1.39E-07,0.41787
178,0.00013819,BCAS3,2.15E-08,0.99986
179,3.80E-08,BCAT1,0.19698,0.80302
180,0.96998,BCL11A,3.23E-07,0.030024
181,0.55903,BCL2,0.011367,0.4296
182,0.20785,BCL2A1,0.03755,0.7546
183,0.93667,BCL2L1,0.00025013,0.063076
184,0.88857,BCL2L11,0.0010542,0.11037
185,3.33E-05,BCL2L14,0.17978,0.82018
186,0.98871,BCL3,3.50E-06,0.011289
187,0.96038,BCL6,1.30E-07,0.039615
188,1,BCOR,2.32E-16,2.80E-06
189,0.98761,BCR,5.06E-13,0.012391
190,0.11863,BDKRB2,0.023248,0.85812
191,0.65626,BDNF,0.0010534,0.34268
192,0.93717,BECN1,4.15E-07,0.062829
193,0.45229,BGN,0.0054972,0.54222
194,0.99444,BHLHE40,6.18E-07,0.0055552
195,1.56E-11,BID,0.99182,0.0081772
196,5.03E-06,BIK,0.86199,0.13801
197,0.77822,BIN1,9.69E-08,0.22178
198,0.42708,BIRC2,1.14E-05,0.57291
199,0.065597,BIRC3,0.00011225,0.93429
200,0.055854,BIRC5,0.071441,0.8727
201,NA,BIRC8,NA,NA
202,8.35E-14,BLK,0.87016,0.12984
203,0.00034786,BLVRA,0.044361,0.95529
204,0.94286,BMI1,7.97E-06,0.057135
205,0.98799,BMP2,4.07E-06,0.012003
206,0.9564,BMP4,2.00E-05,0.04358
207,6.59E-07,BMPER,0.00022867,0.99977
208,0.99863,BMPR1B,8.29E-10,0.0013688
209,0.99998,BMPR2,1.36E-15,2.15E-05
210,0.006673,BMX,0.00014197,0.99319
211,0.92762,BNC2,2.43E-08,0.072382
212,1.97E-05,BNIP3,0.51792,0.48206
213,0.15274,BNIP3L,0.015012,0.83225
214,0.00032563,BORA,0.0022184,0.99746
215,0.99995,BRAF,1.91E-15,4.76E-05
216,1.56E-07,BRD8,2.52E-08,1
217,4.21E-11,BST1,0.89927,0.10073
218,0.00042516,BST2,0.33527,0.66431
219,0.00011935,BTBD1,0.0092188,0.99066
220,0.062276,BTC,0.061677,0.87605
221,0.53641,BTG1,0.01351,0.45008
222,0.019033,BTG2,0.2314,0.74957
223,0.91582,BTG3,0.00010526,0.084073
224,3.40E-21,BTN2A1,0.99992,8.34E-05
225,1.38E-11,BTN2A2,0.81381,0.18619
226,5.87E-09,BTN3A1,0.58294,0.41706
227,1.10E-10,BTN3A2,0.90756,0.092439
228,0.011942,BTRC,5.04E-07,0.98806
229,4.88E-09,BUB1,3.64E-06,1
230,7.00E-10,BUB1B,4.90E-07,1
231,0.45739,C4BPA,9.08E-06,0.5426
232,0.40249,C5AR1,0.1178,0.47971
233,0.068013,CAB39,0.00257,0.92942
234,0.0054966,CABLES1,0.0009278,0.99358
235,5.83E-09,CACHD1,5.71E-07,1
236,1,CACNA1A,8.29E-38,4.32E-13
237,0.99879,CALD1,1.03E-12,0.0012117
238,0.94473,CALM1,0.00017768,0.055091
239,0.92086,CALM2,0.00043946,0.078701
240,0.89133,CALR,8.37E-06,0.10866
241,0.99845,CAMK2A,4.59E-11,0.0015489
242,0.73914,CAMK2B,3.14E-08,0.26086
243,0.002287,CAMK2D,2.73E-05,0.99769
244,0.9991,CAMK2G,1.22E-11,0.00090008
245,0.50957,CAMK4,0.0001484,0.49028
246,0.86635,CANX,1.20E-07,0.13365
247,5.86E-10,CAPN1,0.00037724,0.99962
248,3.52E-22,CAPN2,0.97054,0.029456
249,3.52E-05,CASP1,0.048295,0.95167
250,0.0015026,CASP2,0.0012196,0.99728
251,0.10017,CASP3,0.0066129,0.89322
252,3.05E-08,CASP4,0.47481,0.52519
253,1.75E-16,CASP5,0.99638,0.0036221
254,0.00012665,CASP6,0.14457,0.8553
255,5.36E-05,CASP7,0.0278,0.97215
256,NA,CASP8AP2,NA,NA
257,7.38E-06,CASP9,0.083837,0.91616
258,4.12E-12,CAST,0.0038178,0.99618
259,1,CASZ1,1.74E-20,2.10E-07
260,1.63E-10,CAT,0.40316,0.59684
261,0.008274,CAV1,0.18514,0.80659
262,0.00060921,CBL,1.52E-06,0.99939
263,0.99825,CBLB,5.13E-13,0.0017518
264,3.08E-05,CBS,0.0026829,0.99729
265,0.94099,CCAR2,1.20E-10,0.059006
266,0.040132,CCDC12,0.027311,0.93256
267,6.50E-16,CCDC57,0.6606,0.3394
268,0.57714,CCDC6,1.75E-05,0.42284
269,3.30E-08,CCDC88C,3.24E-12,1
270,3.81E-06,CCDC91,0.010706,0.98929
271,0.010211,CCL11,0.36423,0.62556
272,0.00013932,CCL17,0.75114,0.24872
273,0.31691,CCL19,0.062823,0.62027
274,0.60786,CCL2,0.032341,0.3598
275,0.00024242,CCL20,0.67068,0.32908
276,0.036239,CCL21,0.12182,0.84194
277,0.0084014,CCL22,0.40761,0.58399
278,0.34981,CCL3,0.050263,0.59993
279,0.24134,CCL4,0.10539,0.65326
280,0.0017516,CCL5,0.50901,0.48924
281,0.0092809,CCM2,0.0021349,0.98858
282,0.00043117,CCNA1,0.0014847,0.99808
283,0.99962,CCNA2,8.85E-10,0.00037892
284,0.15993,CCNB1,0.00058757,0.83948
285,0.89057,CCND1,0.00020729,0.10922
286,0.98658,CCND2,5.35E-06,0.013417
287,0.98347,CCND3,8.92E-06,0.016521
288,0.97187,CCNE1,2.75E-07,0.028125
289,0.86983,CCNE2,2.72E-06,0.13017
290,0.00073222,CCNG1,0.070338,0.92893
291,0.0096861,CCNG2,0.0097287,0.98059
292,0.00081328,CCNH,0.014121,0.98507
293,0.9998,CCNK,3.89E-11,0.00020255
294,0.80672,CCNY,3.93E-05,0.19324
295,0.38775,CCR1,0.0088951,0.60335
296,0.023412,CCR2,0.057196,0.91939
297,0.00012636,CCR3,0.35725,0.64262
298,0.06863,CCR4,0.053865,0.87751
299,4.31E-10,CCR5,0.9845,0.015501
300,0.057623,CCR7,0.015987,0.92639
301,0.36861,CCRL2,0.14101,0.49039
302,0.000789,CCSER1,2.56E-05,0.99919
303,4.88E-05,CD14,0.55908,0.44087
304,6.84E-05,CD180,0.083733,0.9162
305,0.47108,CD2,0.0047742,0.52415
306,0.8044,CD22,2.79E-09,0.1956
307,0.03921,CD226,0.0060506,0.95474
308,0.057288,CD244,0.0006875,0.94202
309,0.016734,CD247,0.020948,0.96232
310,0.01916,CD274,0.017301,0.96354
311,0.35779,CD28,0.011139,0.63108
312,5.69E-07,CD33,0.55929,0.44071
313,4.99E-06,CD34,0.12985,0.87015
314,1.09E-60,CD36,1,5.63E-17
315,0.00078914,CD4,0.0030661,0.99614
316,2.45E-07,CD44,0.00019177,0.99981
317,0.91924,CD47,1.92E-05,0.080738
318,1.73E-05,CD48,0.54412,0.45586
319,2.31E-10,CD5,0.32695,0.67305
320,0.25092,CD58,0.0055925,0.74349
321,1.41E-06,CD68,0.36757,0.63243
322,0.029691,CD69,0.041668,0.92864
323,0.24889,CD74,0.0011692,0.74994
324,0.010898,CD80,0.037712,0.95139
325,1.27E-08,CD82,0.64422,0.35578
326,0.0052136,CD83,0.094918,0.89987
327,0.94879,CD86,2.99E-05,0.051176
328,1.98E-10,CD93,0.7653,0.2347
329,9.64E-08,CDC14A,0.0035833,0.99642
330,0.94308,CDC14B,3.23E-07,0.056924
331,3.00E-07,CDC20,0.016599,0.9834
332,0.84041,CDC25A,9.51E-07,0.15959
333,0.3643,CDC25B,3.75E-06,0.6357
334,4.10E-13,CDC25C,0.90901,0.090986
335,0.95625,CDC34,9.91E-05,0.043655
336,0.90925,CDC37,5.24E-06,0.09074
337,0.78728,CDC42,0.0012371,0.21148
338,0.99309,CDC42BPA,3.40E-19,0.0069056
339,1,CDC42BPB,1.79E-33,3.63E-12
340,0.18562,CDC42EP3,0.04614,0.76824
341,0.76835,CDC42SE2,0.0073104,0.22434
342,1.15E-09,CDC6,0.22618,0.77382
343,4.43E-06,CDC7,0.0086613,0.99133
344,0.14631,CDH1,1.17E-06,0.85369
345,0.0007058,CDH13,0.00014844,0.99915
346,0.21478,CDH18,1.34E-05,0.78521
347,0.99171,CDH2,1.13E-10,0.0082875
348,3.18E-06,CDH23,4.83E-06,0.99999
349,0.98806,CDH8,6.74E-09,0.011943
350,0.99206,CDK1,1.48E-06,0.007941
351,6.48E-05,CDK11B,0.00092574,0.99901
352,1,CDK12,4.44E-22,2.42E-08
353,2.50E-08,CDK14,0.09672,0.90328
354,0.9948,CDK16,2.15E-08,0.0051985
355,0.99982,CDK19,2.90E-11,0.00017937
356,0.61054,CDK2,0.00032225,0.38913
357,0.062909,CDK4,0.0029106,0.93418
358,0.13892,CDK5,0.00076355,0.86032
359,0.9149,CDK5R1,0.00052844,0.084567
360,4.62E-23,CDK5RAP2,7.58E-07,1
361,0.98315,CDK6,1.90E-06,0.01685
362,4.47E-07,CDK7,0.15701,0.84299
363,8.89E-05,CDK9,0.060998,0.93891
364,0.016021,CDKAL1,3.95E-05,0.98394
365,0.0018575,CDKN1A,0.25882,0.73932
366,0.62376,CDKN1B,0.0067285,0.36951
367,0.81963,CDKN1C,0.0037222,0.17665
368,0.39474,CDKN2A,0.037025,0.56824
369,0.39526,CDKN2C,0.036892,0.56784
370,0.0019455,CDKN3,0.019623,0.97843
371,0.14253,CDX1,0.071314,0.78615
372,0.52887,CDX2,0.0030691,0.46806
373,0.99504,CDYL,9.48E-08,0.0049607
374,0.55365,CEBPA,0.047526,0.39882
375,0.35809,CEBPB,0.047517,0.59439
376,0.61219,CEBPD,0.031304,0.3565
377,1.54E-06,CEL,0.03687,0.96313
378,0.99971,CELF1,9.01E-11,0.00028584
379,NA,TMEM2,NA,NA
380,4.72E-23,CEP128,0.04709,0.95291
381,4.54E-09,CEP85L,0.00048708,0.99951
382,NA,CFAP46,NA,NA
383,0.55563,CFL1,0.011669,0.4327
384,0.99967,CFLAR,1.28E-10,0.00032987
385,1.89E-31,CGN,0.94998,0.050021
386,5.63E-11,CHAT,0.047768,0.95223
387,1,CHD2,1.37E-41,2.37E-16
388,1,CHD9,6.25E-39,7.66E-12
389,3.14E-08,CHEK1,0.074104,0.9259
390,1.21E-24,CHEK2,0.99992,7.64E-05
391,1.11E-05,CHI3L1,0.050684,0.9493
392,0.22747,CHKA,5.85E-05,0.77247
393,2.99E-07,CHMP4C,0.67421,0.32579
394,0.030508,CHN1,0.00036837,0.96912
395,0.0023008,CHN2,0.0006611,0.99704
396,3.52E-05,CHST15,0.010711,0.98925
397,0.99403,CHUK,1.02E-11,0.0059748
398,0.99999,CIC,2.21E-16,1.02E-05
399,0.00053852,CISH,0.28505,0.71441
400,0.0078152,CKM,0.013188,0.979
401,0.4314,CKS1B,0.028765,0.53983
402,2.30E-05,CLC,0.69112,0.30886
403,0.27595,CLEC16A,1.29E-08,0.72405
404,0.049547,CLIC2,0.083497,0.86696
405,0.99997,CLIP2,4.16E-15,3.40E-05
406,0.0025864,CLSPN,6.44E-11,0.99741
407,0.99999,CMIP,3.81E-15,8.82E-06
408,0.010767,CMKLR1,0.14269,0.84654
409,0.038169,CMTM7,0.11476,0.84707
410,0.99252,CMTR1,3.60E-12,0.0074848
411,4.49E-18,CNBD1,0.99919,0.00080563
412,0.84533,CNIH3,0.00051708,0.15415
413,4.29E-30,CNKSR1,0.99994,6.36E-05
414,0.50652,CNR1,0.003648,0.48984
415,0.95549,CNTFR,4.26E-06,0.04451
416,1.99E-05,CNTN3,3.47E-07,0.99998
417,0.0039121,COBL,5.16E-07,0.99609
418,1.43E-14,COL14A1,1.03E-10,1
419,1.74E-10,COL18A1,6.05E-09,1
420,1,COL1A1,5.86E-31,1.06E-11
421,1,COL1A2,4.48E-22,1.24E-06
422,4.49E-45,COL22A1,0.99373,0.006274
423,1.64E-18,COL25A1,0.1058,0.8942
424,0.5864,COL27A1,1.06E-18,0.4136
425,1,COL2A1,1.67E-29,1.55E-10
426,NA,COP1,NA,NA
427,0.99925,COPS5,4.70E-09,0.00075169
428,0.98666,COPS6,1.07E-06,0.013343
429,0.98555,CPEB4,2.18E-09,0.014455
430,1.32E-14,CPQ,0.98761,0.012393
431,4.74E-19,CR2,0.12171,0.87829
432,0.87862,CRADD,0.0013152,0.12006
433,0.99673,CREB1,3.42E-08,0.003267
434,0.22337,CREB5,6.09E-05,0.77657
435,1,CREBBP,1.67E-44,1.51E-17
436,0.50878,CREM,0.00014932,0.49107
437,3.79E-05,CRHR1,0.0019984,0.99796
438,0.95936,CRK,1.67E-05,0.040623
439,0.44604,CRKL,0.0057598,0.5482
440,3.31E-07,CRLF2,0.65767,0.34233
441,0.99173,CRMP1,1.36E-08,0.0082735
442,0.0036969,CRP,0.5802,0.4161
443,0.17396,CRYAA,0.051643,0.7744
444,0.02247,CRYAB,0.19959,0.77794
445,0.99634,CSF1,4.51E-08,0.0036608
446,0.13278,CSF1R,1.15E-08,0.86722
447,0.83468,CSF2,0.002953,0.16236
448,0.38046,CSF3,0.009394,0.61015
449,9.27E-14,CSGALNACT1,0.96126,0.038743
450,0.99977,CSK,5.50E-11,0.0002335
451,1,CSMD1,2.00E-42,7.37E-10
452,0.057105,CSMD3,1.21E-31,0.9429
453,1.42E-16,CSN1S1,0.99834,0.001661
454,0.99758,CSNK1A1,1.65E-08,0.0024232
455,0.013174,CSNK1A1L,0.11481,0.87202
456,0.99577,CSNK1D,6.44E-08,0.0042344
457,0.99926,CSNK1E,4.56E-09,0.00074238
458,0.98711,CSNK2A1,8.13E-09,0.012893
459,0.9994,CSNK2A2,5.40E-10,0.00059605
460,0.91728,CSNK2B,0.00010065,0.082619
461,0.0003328,CSRP1,0.16712,0.83255
462,0.98442,CTBP1,1.56E-06,0.015579
463,0.99994,CTCF,1.90E-12,5.87E-05
464,0.00050202,CTGF,0.10908,0.89042
465,0.96962,CTNNA1,1.13E-10,0.030382
466,0.99999,CTNNB1,2.63E-14,1.01E-05
467,0.99999,CTNND1,2.96E-16,1.15E-05
468,1,CTNND2,3.21E-24,1.66E-09
469,5.88E-11,CTSB,0.87849,0.12151
470,0.00091747,CTSD,0.011938,0.98714
471,9.56E-06,CTSG,0.4351,0.56489
472,1.25E-08,CTSH,0.19649,0.80351
473,0.0080454,CTSL,0.012659,0.9793
474,0.089176,CTTN,5.62E-07,0.91082
475,4.63E-42,CUBN,4.24E-10,1
476,6.63E-08,CUEDC1,0.3062,0.6938
477,1,CUL1,5.05E-19,4.35E-07
478,1,CUX1,2.68E-23,5.47E-08
479,0.60837,CX3CL1,0.0016097,0.39002
480,0.11845,CXCL1,0.093555,0.78799
481,0.36865,CXCL10,0.044231,0.58712
482,0.31408,CXCL11,0.064043,0.62188
483,0.11851,CXCL12,0.093489,0.788
484,3.61E-07,CXCL2,0.94168,0.058323
485,0.00030234,CXCL3,0.63353,0.36617
486,5.04E-06,CXCL5,0.86184,0.13815
487,NA,CXCL8,NA,NA
488,0.0029304,CXCL9,0.39808,0.59899
489,0.72861,CXCR5,0.0024821,0.2689
490,0.99993,CYLD,2.36E-14,6.92E-05
491,1.70E-05,CYP19A1,0.029101,0.97088
492,3.20E-23,CYP24A1,0.99986,0.00014163
493,1.92E-07,CYP27B1,0.11913,0.88087
494,5.80E-11,CYP3A4,0.61384,0.38616
495,0.99981,CYTH1,1.64E-10,0.00018958
496,0.00077316,CYTH4,0.00064273,0.99858
497,0.99918,DAAM1,3.35E-15,0.0008246
498,0.40701,DAB2,2.70E-06,0.59298
499,0.99995,DAB2IP,1.05E-14,4.96E-05
500,0.98117,DAG1,5.04E-07,0.018831
501,1.11E-09,DAP3,0.46846,0.53154
502,0.99767,DAPK1,1.72E-15,0.0023304
503,5.01E-10,DAPK2,0.78697,0.21303
504,0.0065541,DAPK3,0.0035297,0.98992
505,0.17169,DAPP1,0.0025198,0.82579
506,0.098633,DAXX,5.73E-05,0.90131
507,0.99296,DBF4,1.85E-09,0.0070405
508,0.0013944,DBI,0.31865,0.67996
509,0.017939,DBNL,0.00016495,0.9819
510,0.99448,DCC,2.37E-17,0.0055201
511,4.79E-08,DCDC1,0.60672,0.39328
512,0.31231,DCN,0.00068172,0.687
513,1.60E-10,DCP1B,0.40636,0.59364
514,0.8666,DCUN1D3,0.00034861,0.13305
515,0.99979,DDB1,5.67E-16,0.00020659
516,7.40E-06,DDB2,0.019936,0.98006
517,0.00068309,DDIT4,0.23717,0.76215
518,4.63E-06,DDR1,1.39E-05,0.99998
519,0.5503,DDR2,3.65E-08,0.4497
520,9.75E-07,DDX50,2.64E-05,0.99997
521,1.76E-23,DDX58,0.98123,0.018769
522,1.07E-38,DDX60L,0.999,0.00099707
523,0.0011637,DEFB4A,0.76323,0.2356
524,0.99976,DENND1A,9.39E-14,0.00023523
525,0.20408,DENND1B,7.36E-05,0.79585
526,1.30E-11,DENND3,3.03E-05,0.99997
527,3.72E-12,DEPTOR,0.95242,0.047583
528,0.00037318,DERA,0.040497,0.95913
529,0.52991,DGKB,8.69E-09,0.47009
530,6.02E-13,DGKG,0.011994,0.98801
531,8.72E-07,DHRS2,0.68099,0.31901
532,0.22581,DHRS3,0.0070225,0.76717
533,3.20E-13,DHX58,0.73278,0.26722
534,2.57E-06,DIABLO,0.47811,0.52189
535,0.91507,DIAPH1,2.51E-12,0.084926
536,0.6196,DIO2,0.0014617,0.37894
537,NA,CXorf36,NA,NA
538,0.944,DIS3L2,5.20E-10,0.056
539,0.17423,DKK1,0.011773,0.814
540,0.99948,DLC1,2.19E-16,0.0005189
541,0.47033,DLEU1,0.080319,0.44935
542,0.99393,DLG1,8.82E-14,0.0060693
543,0.70796,DLG2,1.49E-11,0.29204
544,0.99999,DLL1,2.68E-13,1.36E-05
545,0.041133,DMAP1,0.00023358,0.95863
546,1,DMXL2,5.27E-43,1.63E-13
547,2.54E-58,DNAH11,1.19E-09,1
548,0.0098017,DNAJA3,0.00040062,0.9898
549,0.44012,DNAJB12,0.00025279,0.55963
550,0.81216,DNAJC5,0.00087627,0.18696
551,0.00056753,DNM1L,1.68E-06,0.99943
552,0.99998,DNM2,9.57E-15,2.48E-05
553,1,DNMT1,7.69E-30,2.17E-10
554,0.0068117,DOCK1,1.82E-18,0.99319
555,2.55E-06,DOCK10,5.23E-17,1
556,0.82562,DOCK4,1.60E-20,0.17438
557,2.90E-09,DOCK5,3.62E-14,1
558,0.029002,DOK1,0.0019573,0.96904
559,0.091531,DOK4,0.0015804,0.90689
560,0.00016237,DPM1,0.027953,0.97188
561,7.28E-09,DPP4,1.01E-05,0.99999
562,3.37E-22,DPYD,0.89681,0.10319
563,0.99375,DPYSL2,6.83E-09,0.0062522
564,0.6331,DSE,8.99E-08,0.3669
565,1,DST,1.21E-70,2.61E-18
566,0.63459,DTNA,1.80E-08,0.36541
567,2.80E-10,DTNB,0.0053211,0.99468
568,6.84E-06,DTNBP1,0.091663,0.90833
569,2.81E-10,DTWD1,0.95577,0.044227
570,0.00098982,DTX1,0.0022181,0.99679
571,5.27E-06,DTX3L,0.0067811,0.99321
572,4.50E-56,DUOX2,1,1.07E-09
573,0.010151,DUSP1,0.04144,0.94841
574,0.8335,DUSP10,0.00012856,0.16637
575,8.49E-07,DUSP11,0.24005,0.75995
576,0.088867,DUSP16,6.83E-05,0.91106
577,0.010044,DUSP19,0.15325,0.8367
578,0.0093421,DUSP22,0.046215,0.94444
579,0.00023011,DUSP26,0.2326,0.76717
580,0.46156,DUSP3,0.023292,0.51515
581,0.88152,DUSP4,0.00025508,0.11822
582,0.0033227,DUSP5,0.04232,0.95436
583,0.97603,DUSP6,2.23E-05,0.023943
584,0.69024,DUSP7,0.00076149,0.309
585,0.81981,DUSP9,0.0037123,0.17648
586,3.73E-06,DVL1,0.0022774,0.99772
587,1.36E-05,DVL2,0.00035819,0.99963
588,0.38544,DVL3,3.18E-06,0.61456
589,3.59E-13,DYM,0.099221,0.90078
590,1.14E-44,DYNC2H1,9.24E-17,1
591,0.99967,DYRK1A,5.23E-12,0.00032999
592,0.99751,DYRK2,8.69E-08,0.0024881
593,0.9877,E2F1,4.32E-06,0.012295
594,0.25505,E2F2,0.0011066,0.74385
595,0.9458,E2F3,6.98E-06,0.054195
596,0.45258,E2F4,0.00022992,0.54719
597,0.10158,E2F6,0.0064594,0.89196
598,0.99317,E2F7,3.48E-10,0.0068333
599,1.12E-08,EARS2,0.21603,0.78397
600,0.10797,EBI3,0.027128,0.8649
601,0.95987,ECE1,1.11E-09,0.040127
602,6.76E-06,ECSIT,0.09281,0.90718
603,6.83E-07,EDEM2,0.0052416,0.99476
604,0.45504,EDN1,0.0053852,0.53958
605,0.060323,EDN2,0.064423,0.87525
606,0.97863,EEF1A1,3.40E-06,0.021367
607,8.36E-20,EEF2K,0.94682,0.053184
608,5.92E-07,EFCAB2,0.73768,0.26232
609,4.20E-23,EFCAB5,0.054595,0.9454
610,1.90E-17,EFHC1,0.97429,0.025709
611,0.96051,EFNA5,7.67E-05,0.039412
612,1.82E-08,EFS,0.57918,0.42082
613,8.53E-17,EGF,0.00047646,0.99952
614,0.36837,EGFR,1.02E-11,0.63163
615,0.0094753,EGLN3,0.045369,0.94516
616,0.3509,EGR1,0.0024593,0.64664
617,0.50292,EGR2,0.0037498,0.49333
618,0.98342,EHD1,1.82E-06,0.016581
619,0.70543,EHF,2.69E-05,0.29454
620,0.00010292,EHMT2,1.34E-09,0.9999
621,0.73348,EI24,1.99E-05,0.2665
622,6.04E-09,EIF2A,0.03573,0.96427
623,7.01E-07,EIF2AK1,0.0010307,0.99897
624,0.017643,EIF2AK2,3.42E-05,0.98232
625,0.0027603,EIF2AK3,3.50E-08,0.99724
626,1.24E-15,EIF2AK4,3.48E-09,1
627,0.97031,EIF2S1,7.67E-06,0.029682
628,0.047483,EIF3H,0.00092264,0.95159
629,0.99999,EIF4B,5.09E-15,5.16E-06
630,0.94133,EIF4E,8.52E-06,0.058663
631,0.20762,EIF4EBP1,0.13355,0.65883
632,1,EIF4G2,8.73E-22,8.61E-09
633,0.98849,ELAVL1,3.67E-06,0.011506
634,0.01065,ELF1,0.00035491,0.989
635,0.98323,ELF3,3.79E-07,0.016765
636,0.06139,ELF4,0.0030255,0.93558
637,0.00086946,ELF5,0.012868,0.98626
638,0.93711,ELK1,0.00024583,0.062646
639,0.98542,ELL,1.10E-08,0.014575
640,0.89997,ELMO1,4.63E-10,0.10003
641,1,ELMSAN1,4.72E-17,1.45E-06
642,NA,ELP1,NA,NA
643,3.01E-14,ELP3,0.57141,0.42859
644,0.003297,EMC2,0.0019383,0.99476
645,8.64E-05,EMCN,0.0632,0.93671
646,5.76E-19,EML2,0.84188,0.15812
647,0.99994,ENAH,3.69E-13,5.77E-05
648,0.46008,ENC1,0.00021715,0.53971
649,1.53E-06,ENOX2,0.03704,0.96296
650,0.0027913,ENPP2,6.96E-09,0.99721
651,0.0080716,ENTPD1,0.00053154,0.9914
652,1,EP300,4.88E-42,1.11E-15
653,1,EP400,1.10E-38,1.84E-09
654,0.5961,EPAS1,1.24E-07,0.4039
655,0.99318,EPB41L2,2.87E-12,0.0068228
656,4.32E-05,EPB41L3,2.31E-08,0.99996
657,1.28E-07,EPCAM,0.40427,0.59573
658,1.46E-23,EPHA1,0.96771,0.032287
659,1.07E-05,EPHA2,4.16E-06,0.99999
660,1.20E-05,EPHA3,7.22E-07,0.99999
661,1,EPHA4,2.84E-17,4.38E-06
662,1.83E-10,EPHA8,0.00040416,0.9996
663,0.99997,EPHB2,2.18E-14,3.47E-05
664,0.46242,EPHB3,1.47E-08,0.53758
665,0.013497,EPHB4,1.72E-08,0.9865
666,0.01125,EPO,0.036141,0.95261
667,0.0101,EPOR,0.0018881,0.98801
668,0.0034774,EPS15,1.24E-07,0.99652
669,0.97308,EPS8,8.36E-11,0.02692
670,3.31E-25,EPSTI1,0.99998,1.85E-05
671,2.06E-26,ERAP1,0.99747,0.0025295
672,0.0059892,ERBB2,9.45E-11,0.99401
673,1.70E-15,ERBB3,3.21E-05,0.99997
674,0.99912,ERBB4,3.28E-17,0.00088401
675,NA,ERBIN,NA,NA
676,1.06E-07,ERC1,2.17E-07,1
677,0.98931,ERC2,1.74E-12,0.010688
678,1.59E-07,ERCC1,0.59003,0.40997
679,2.73E-13,ERCC5,0.0076245,0.99238
680,5.16E-22,ERCC6,0.0082575,0.99174
681,1.17E-05,EREG,0.6191,0.38089
682,0.96413,ERG,5.03E-07,0.035865
683,0.64747,ERGIC1,0.00023247,0.35229
684,0.99027,ERN1,6.84E-12,0.009732
685,0.012152,ERRFI1,0.032576,0.95527
686,0.9992,ESR1,1.11E-09,0.00080059
687,4.45E-08,ESR2,0.17,0.83
688,7.79E-06,ESYT2,6.59E-06,0.99999
689,0.7816,ETS1,2.27E-06,0.2184
690,0.99888,ETS2,2.52E-09,0.0011212
691,0.97596,ETV3,4.55E-06,0.024039
692,2.87E-08,ETV4,0.019622,0.98038
693,0.9735,ETV6,2.37E-07,0.026497
694,3.96E-14,ETV7,0.98768,0.012316
695,0.99761,EVL,3.22E-09,0.0023882
696,3.41E-13,EXOC4,0.0055654,0.99443
697,2.44E-07,EXOC6,7.91E-06,0.99999
698,0.99732,EXT1,1.75E-10,0.002683
699,1,EZH2,8.04E-16,4.66E-06
700,0.17989,EZR,3.88E-06,0.82011
701,0.0011118,F2,1.56E-05,0.99887
702,0.0084678,F2R,0.052481,0.93905
703,0.018872,F3,0.017677,0.96345
704,5.92E-15,F5,1.82E-09,1
705,1,F8,1.41E-26,1.79E-10
706,0.99895,FAF1,3.56E-12,0.0010455
707,0.002225,FAM111A,0.67044,0.32734
708,7.17E-20,FAM129A,0.99308,0.0069222
709,0.016975,FAM129B,3.00E-07,0.98302
710,1.90E-18,FAM13A,0.021604,0.9784
711,5.81E-05,FAM13C,0.00021939,0.99972
712,0.98528,FAM171A1,2.28E-09,0.01472
713,0.00024392,FAM172A,0.0033504,0.99641
714,0.041627,FAM183A,0.10359,0.85478
715,0.34104,FAM19A2,0.012646,0.64631
716,0.97612,FAM49B,9.06E-07,0.023875
717,0.37254,FAM78A,0.0099685,0.61749
718,2.49E-14,FANCG,0.7749,0.2251
719,0.8117,FAS,0.00018013,0.18812
720,0.18345,FASLG,0.01067,0.80588
721,1.20E-12,FAT1,2.49E-18,1
722,0.91878,FBLN1,6.61E-09,0.081222
723,7.01E-06,FBLN2,3.14E-07,0.99999
724,0.079124,FBP1,0.0097379,0.91114
725,0.99901,FBXL17,9.15E-09,0.00098821
726,1,FBXO11,4.05E-19,1.07E-07
727,0.44439,FBXO31,4.96E-05,0.55556
728,0.96995,FBXO5,1.60E-06,0.030047
729,0.97611,FBXW11,7.51E-09,0.023891
730,0.99949,FBXW7,3.02E-12,0.00050762
731,3.08E-05,FCER1A,0.42245,0.57752
732,0.66327,FCER1G,0.004746,0.33198
733,7.61E-12,FCER2,0.92824,0.071756
734,0.00013116,FCGR1A,0.13948,0.86039
735,2.01E-06,FCGR2A,0.5299,0.4701
736,0.041493,FCGRT,0.005553,0.95295
737,0.56618,FCHSD2,6.50E-09,0.43382
738,4.61E-17,FCRL5,0.84776,0.15224
739,0.0056199,FDPS,0.0008985,0.99348
740,1.15E-06,FDXR,0.01206,0.98794
741,4.77E-05,FEN1,0.32708,0.67287
742,0.6633,FER,2.79E-09,0.3367
743,3.79E-15,FES,0.02792,0.97208
744,0.44406,FGF1,0.026338,0.5296
745,0.90887,FGF14,0.00012905,0.091
746,0.0184,FGF2,0.077582,0.90402
747,0.67676,FGF8,0.0008685,0.32237
748,0.99984,FGFR1,1.85E-13,0.00016128
749,0.99731,FGFR2,7.24E-12,0.0026932
750,1.64E-05,FGFR3,5.51E-05,0.99993
751,7.19E-13,FGFR4,0.042523,0.95748
752,3.19E-18,FGGY,0.98263,0.017371
753,0.48408,FGR,7.41E-06,0.51592
754,0.00013667,FHAD1,0.3402,0.65966
755,0.0057055,FHIT,0.25518,0.73911
756,2.87E-05,FHL2,0.20584,0.79413
757,0.066509,FHOD3,6.24E-11,0.93349
758,1.08E-09,FILIP1L,0.00077775,0.99922
759,0.81452,FKBP1A,0.0040108,0.18147
760,0.73393,FKBP5,1.98E-05,0.26605
761,0.99825,FKBP8,3.70E-08,0.0017538
762,0.9894,FLI1,1.23E-07,0.010596
763,1,FLNA,5.31E-29,1.81E-11
764,6.05E-10,FLNB,1.41E-14,1
765,0.99983,FLT1,1.40E-17,0.00016792
766,0.60777,FLT3,1.88E-10,0.39223
767,1,FLT4,7.88E-24,1.72E-08
768,3.59E-18,FMN1,0.36491,0.63509
769,0.64718,FMR1,9.56E-06,0.35281
770,0.0014045,FN1,6.05E-21,0.9986
771,0.82844,FNBP1,4.74E-08,0.17156
772,1,FNDC3B,1.88E-28,8.18E-12
773,1,FNIP2,6.70E-18,6.53E-07
774,0.94721,FNTA,1.32E-06,0.052786
775,7.21E-37,FOCAD,0.72203,0.27797
776,0.26176,FOS,0.0050864,0.73316
777,0.98293,FOSL2,9.66E-06,0.017063
778,0.22227,FOXA1,0.0072591,0.77047
779,0.74225,FOXA2,0.00043926,0.25731
780,0.95337,FOXC1,0.00011615,0.046517
781,0.99598,FOXJ3,4.69E-10,0.0040168
782,0.80522,FOXK1,8.12E-06,0.19477
783,0.87762,FOXL2,0.0013435,0.12103
784,0.0007414,FOXM1,0.00013831,0.99912
785,0.93167,FOXN3,1.25E-05,0.068314
786,0.99725,FOXO1,1.11E-07,0.0027479
787,0.98806,FOXO3,8.13E-07,0.011938
788,0.99998,FOXP1,3.39E-15,1.62E-05
789,0.40137,FPR2,0.11851,0.48012
790,1.81E-12,FRK,0.63687,0.36313
791,0.27023,FRMD3,8.05E-06,0.72976
792,0.4539,FRMD4B,2.62E-11,0.5461
793,0.99724,FRMD5,9.30E-10,0.0027633
794,0.027916,FRMD6,1.73E-05,0.97207
795,0.99721,FRS2,2.32E-08,0.002786
796,1,FRY,1.37E-38,3.88E-09
797,0.99727,FRYL,3.36E-29,0.0027296
798,0.86852,FSCN1,6.82E-05,0.13141
799,0.98014,FST,2.84E-06,0.019854
800,1.40E-06,FSTL5,7.72E-05,0.99992
801,8.36E-08,FTO,0.020803,0.9792
802,0.99994,FURIN,9.16E-14,6.27E-05
803,0.9993,FUS,6.51E-12,0.00069526
804,NA,FYB1,NA,NA
805,0.99406,FYN,1.22E-09,0.0059367
806,0.99969,FZR1,1.08E-10,0.00030806
807,0.033122,G3BP1,6.59E-05,0.96681
808,0.18433,GAB1,3.70E-06,0.81567
809,0.98325,GAB2,1.55E-08,0.016751
810,0.99999,GABBR2,4.69E-16,7.19E-06
811,0.99812,GABPA,1.81E-09,0.0018841
812,0.044075,GADD45A,0.096655,0.85927
813,0.21058,GADD45B,0.036636,0.75278
814,0.55259,GADD45G,0.011945,0.43546
815,1.99E-05,GALNT10,0.00020737,0.99977
816,0.0084175,GALNT2,4.15E-06,0.99158
817,0.11388,GAPDH,0.0053158,0.8808
818,0.034477,GAS6,1.25E-05,0.96551
819,0.8523,GAS7,1.56E-07,0.1477
820,0.94798,GATA1,0.00015264,0.051865
821,0.89887,GATA3,3.43E-05,0.1011
822,0.49308,GATA4,0.00083068,0.50609
823,0.99957,GATAD2A,4.94E-11,0.00043027
824,1.26E-15,GBP1,0.95773,0.042267
825,0.034814,GCG,0.033426,0.93176
826,0.63464,GCK,5.29E-05,0.36531
827,0.42718,GCLC,4.68E-07,0.57282
828,2.41E-05,GCNT2,0.23891,0.76107
829,3.01E-07,GDF15,0.90076,0.09924
830,5.52E-06,GDF9,0.31243,0.68756
831,0.2035,GDNF,0.039064,0.75744
832,1.18E-08,GEM,0.65711,0.34289
833,1.46E-06,GFAP,0.14634,0.85366
834,0.00052334,GFI1B,0.025848,0.97363
835,8.44E-05,GHR,0.00063419,0.99928
836,0.27108,GIP,0.021884,0.70704
837,0.99978,GIT1,4.06E-13,0.0002227
838,0.15523,GJA1,0.0030506,0.84172
839,7.66E-14,GLI1,0.15707,0.84293
840,0.97303,GLI2,1.70E-11,0.026972
841,0.99999,GLI3,7.03E-17,1.23E-05
842,4.86E-05,GLIPR2,0.56005,0.4399
843,5.60E-08,GLIS3,0.0015896,0.99841
844,5.67E-07,GLRX,0.92441,0.07559
845,0.96154,GLS,4.95E-09,0.038457
846,0.03103,GM2A,0.14461,0.82436
847,0.99132,GMDS,7.53E-08,0.0086776
848,0.21757,GML,0.12447,0.65796
849,0.88941,GNA11,4.33E-05,0.11055
850,0.96994,GNA12,3.90E-05,0.030021
851,0.86735,GNA13,6.98E-05,0.13258
852,2.43E-17,GNA14,0.99887,0.0011304
853,0.0059721,GNA15,0.0040346,0.98999
854,0.91125,GNAI1,2.45E-05,0.088723
855,0.89194,GNAI2,4.07E-05,0.10802
856,0.038287,GNAI3,0.0012854,0.96043
857,0.98069,GNAQ,5.36E-07,0.019305
858,0.68076,GNAS,5.77E-08,0.31924
859,0.96272,GNAZ,6.65E-05,0.037213
860,0.98876,GNB2,7.00E-07,0.011235
861,3.33E-11,GNB3,0.91177,0.088231
862,6.36E-08,GNB5,0.11805,0.88195
863,0.58936,GNG12,0.037053,0.37359
864,0.50556,GNG2,0.064883,0.42956
865,0.15575,GNG4,0.19483,0.64942
866,0.067566,GNRHR,0.012505,0.91993
867,0.23586,GOLPH3,0.0064011,0.75774
868,0.019543,GORASP1,0.003519,0.97694
869,1.02E-11,GPATCH2,0.52002,0.47998
870,0.015547,GPC1,0.001005,0.98345
871,0.9982,GPC3,3.96E-08,0.0018024
872,0.14181,GPC6,0.00014904,0.85804
873,0.2018,GPCPD1,6.24E-07,0.7982
874,8.13E-11,GPD2,0.02953,0.97047
875,2.88E-27,GPNMB,0.99999,8.06E-06
876,0.28858,GPR107,1.39E-06,0.71142
877,0.016959,GPR132,0.25467,0.72837
878,8.53E-08,GPR141,0.95175,0.048246
879,0.1493,GPR146,0.066352,0.78435
880,3.85E-05,GPX1,0.77271,0.22725
881,0.0013146,GRAMD1A,2.49E-06,0.99868
882,0.99929,GRAMD1B,1.40E-12,0.00071312
883,0.00015256,GRAP2,0.0065232,0.99332
884,0.93945,GRB10,1.55E-08,0.06055
885,0.053089,GRB14,3.18E-05,0.94688
886,0.93934,GRB2,4.58E-05,0.060616
887,1.36E-06,GRB7,0.0019554,0.99804
888,6.60E-09,GREB1,3.27E-11,1
889,0.99869,GRIA1,1.26E-12,0.0013147
890,0.99841,GRIK2,1.99E-12,0.0015857
891,NA,GRK2,NA,NA
892,0.67567,GRK5,3.00E-07,0.32433
893,0.00048726,GRK6,5.12E-05,0.99946
894,0.99872,GRM5,5.85E-12,0.0012821
895,0.99896,GRM7,1.74E-11,0.0010396
896,0.069666,GRN,2.06E-05,0.93031
897,2.55E-23,GSAP,0.91563,0.084366
898,1,GSE1,3.53E-18,5.02E-07
899,0.9997,GSK3A,4.88E-10,0.00029685
900,0.95571,GSK3B,1.72E-07,0.044292
901,3.89E-11,GSN,0.017735,0.98226
902,1.73E-06,GSTA1,0.74305,0.25695
903,1.94E-06,GSTK1,0.53688,0.46312
904,0.014155,GSTP1,0.026442,0.9594
905,1.01E-12,GTDC1,0.91919,0.080811
906,0.98982,GTF2H1,4.56E-09,0.01018
907,0.99592,GTF2I,4.87E-10,0.0040811
908,0.68714,GULP1,0.00015964,0.3127
909,3.67E-14,GZMB,0.99835,0.0016523
910,0.17652,H2AFX,0.16708,0.6564
911,0.0062064,HABP4,0.0038175,0.98998
912,0.0081797,HAMP,0.41355,0.57828
913,0.07563,HBEGF,0.046855,0.87752
914,0.0042407,HBP1,0.00027374,0.99549
915,1,HCFC1,2.81E-20,1.86E-08
916,0.01976,HCK,2.89E-05,0.98021
917,0.61427,HDAC1,2.59E-06,0.38573
918,0.99997,HDAC2,1.40E-12,2.68E-05
919,0.56737,HDAC3,3.84E-06,0.43263
920,1,HDAC4,1.52E-23,8.46E-10
921,1,HDAC6,4.07E-17,3.68E-07
922,0.99969,HDAC7,3.72E-14,0.00030993
923,0.99973,HDAC9,2.16E-16,0.00026801
924,1,HERC1,1.41E-49,2.21E-07
925,1,HERC2,1.67E-56,4.49E-13
926,0.99947,HGF,2.80E-14,0.00053107
927,3.25E-08,HHAT,0.016558,0.98344
928,0.13002,HIC1,0.0042144,0.86577
929,0.9777,HIF1A,2.59E-10,0.022298
930,1,HIPK2,2.38E-17,2.12E-06
931,0.27733,HIPK3,5.20E-10,0.72267
932,5.45E-07,HIST1H2AM,0.96109,0.038907
933,0.0037893,HIST1H2BB,0.57544,0.42078
934,0.26064,HIST1H3C,0.092231,0.64713
935,0.18727,HIST2H2AC,0.15451,0.65821
936,1,HIVEP1,1.66E-25,2.52E-08
937,1,HIVEP2,6.43E-30,7.60E-12
938,0.90584,HIVEP3,2.72E-14,0.094164
939,0.91459,HK1,1.52E-09,0.085407
940,0.0045893,HK2,2.02E-06,0.99541
941,0.0013299,HLA-A,0.0070824,0.99159
942,3.86E-05,HLA-B,0.042807,0.95715
943,0.002381,HLA-DMA,0.064625,0.93299
944,0.0024627,HLA-DMB,0.06198,0.93556
945,2.98E-10,HLA-DOA,0.97606,0.023937
946,1.92E-06,HLA-DOB,0.53873,0.46127
947,2.50E-06,HLA-DPA1,0.69032,0.30968
948,5.33E-10,HLA-DPB1,0.93613,0.063875
949,0.023947,HLA-DQA1,0.055535,0.92052
950,1.01E-05,HLA-DQA2,0.64442,0.35557
951,0.0089259,HLA-DQB1,0.049035,0.94204
952,0.51949,HLA-DRA,0.003301,0.4772
953,0.0010997,HLA-DRB1,0.15392,0.84498
955,NA,HLA-DRB4,NA,NA
956,3.64E-07,HLA-DRB5,0.8897,0.1103
957,0.036773,HLA-E,0.001367,0.96186
958,3.28E-05,HLA-F,0.052881,0.94709
959,0.88317,HLX,5.00E-05,0.11678
960,0.68958,HM13,3.16E-05,0.31039
961,3.63E-38,HMCN1,1.74E-27,1
962,0.83209,HMGA1,0.0030774,0.16483
963,0.82035,HMGB1,0.00077553,0.17887
964,0.95087,HMGB2,0.0001323,0.048996
965,0.20661,HMGN1,0.037974,0.75542
966,0.0096817,HMOX1,0.044106,0.94621
967,0.96115,HNF1A,1.24E-07,0.038851
968,0.15285,HNF4A,0.00012968,0.84702
969,0.99998,HNRNPK,4.69E-13,1.71E-05
970,0.99685,HNRNPL,6.33E-09,0.0031508
971,0.99999,HNRNPM,1.73E-13,1.14E-05
972,0.99935,HNRNPR,1.34E-10,0.00064739
973,1,HNRNPU,2.82E-16,1.57E-06
974,0.99999,HNRNPUL1,4.17E-16,1.32E-05
975,4.65E-18,HOOK2,0.30897,0.69103
976,0.0013606,HOXA7,0.32391,0.67473
977,4.36E-05,HOXA9,0.58097,0.41898
978,0.00028382,HOXB7,0.42351,0.5762
979,0.89103,HPCAL1,0.00099541,0.10798
980,0.079774,HRAS,0.043326,0.8769
981,1.86E-06,HRH1,0.30744,0.69256
982,1.19E-06,HS1BP3,0.40462,0.59537
983,0.11777,HSD11B2,0.023531,0.8587
984,0.74762,HSF1,1.70E-05,0.25237
985,0.86025,HSP90AA1,2.73E-08,0.13975
986,0.99923,HSP90AB1,2.01E-10,0.00076508
987,0.9972,HSP90B1,7.95E-12,0.0027998
988,0.030228,HSPA1A,0.1487,0.82108
989,0.0053464,HSPA1B,0.26841,0.72624
990,2.78E-07,HSPB1,0.90518,0.09482
991,0.043128,HSPB8,0.099253,0.85762
992,0.99257,HSPD1,5.15E-08,0.0074325
993,0.0062906,HTR5A,0.07603,0.91768
994,0.00018524,HTR6,0.2758,0.72401
995,0.0035755,HTRA2,0.0083867,0.98804
996,1,HTT,1.33E-43,1.28E-12
997,0.035295,ICAM1,0.001455,0.96325
998,1.21E-06,ICAM4,0.78716,0.21284
999,0.00031026,ID1,0.62899,0.3707
1000,0.66939,ID2,0.019727,0.31089
1001,0.72177,ID3,0.012121,0.26611
1002,3.30E-06,IDO1,0.19455,0.80544
1003,3.14E-09,IDO2,0.69069,0.30931
1004,0.63122,IER3,0.027028,0.34175
1005,0.86869,IER5,0.0016134,0.1297
1006,1.78E-11,IFI16,0.40022,0.59978
1007,0.010698,IFI27,0.35388,0.63543
1008,4.28E-07,IFI35,0.61295,0.38705
1009,0.013731,IFI6,0.29917,0.68709
1010,0.00027793,IFIT1,0.42809,0.57163
1011,0.11732,IFIT3,0.094813,0.78786
1012,0.13569,IFITM1,0.22692,0.63739
1013,0.030466,IFITM3,0.35655,0.61298
1014,NA,IFNA1,NA,NA
1015,NA,IFNA2,NA,NA
1016,NA,IFNB1,NA,NA
1017,0.47156,IFNG,0.0217,0.50674
1018,0.062532,IFNLR1,0.014103,0.92337
1019,0.2716,IGF1,0.021792,0.70661
1020,0.96799,IGF1R,2.15E-13,0.032008
1021,0.044127,IGF2,0.096518,0.85936
1022,1,IGF2R,1.83E-30,8.50E-08
1023,0.91029,IGFBP3,0.00060458,0.089105
1024,0.0090053,IKBKE,7.61E-07,0.99099
1025,0.04746,IL12A,0.021388,0.93115
1026,0.014426,IL13,0.28858,0.697
1027,0.96333,IL13RA1,1.30E-05,0.036656
1028,0.70859,IL15,0.0030623,0.28835
1029,2.33E-06,IL15RA,0.7009,0.29909
1030,1.24E-10,IL16,0.00014274,0.99986
1031,0.043049,IL17A,0.099474,0.85748
1032,0.0001243,IL17C,0.59317,0.4067
1033,0.19796,IL17D,0.14307,0.65896
1034,0.030717,IL18,0.14618,0.8231
1035,0.0001602,IL1A,0.30613,0.69371
1036,0.13005,IL1B,0.0042124,0.86574
1037,0.15126,IL1R1,0.00013224,0.84861
1038,0.25846,IL1RAP,8.93E-06,0.74153
1039,0.47968,IL2,0.020478,0.49984
1040,0.00018843,IL22,0.51096,0.48885
1041,0.35806,IL23A,0.011116,0.63082
1042,0.78232,IL27,0.0013197,0.21636
1043,2.59E-09,IL3,0.97693,0.023067
1044,8.29E-10,IL33,0.95658,0.043419
1045,2.99E-27,IL3RA,1,2.22E-06
1046,0.0047372,IL4,0.29362,0.70164
1047,0.00023013,IL4R,0.01739,0.98238
1048,0.0056529,IL5,0.25705,0.7373
1049,0.31536,IL6,0.015405,0.66924
1050,3.79E-05,ILK,0.001996,0.99797
1051,0.011165,IMMP2L,0.13737,0.85147
1052,0.0096662,ING1,0.0097573,0.98058
1053,0.99952,INPP4A,2.24E-14,0.00048478
1054,0.55218,INPP4B,2.98E-10,0.44782
1055,0.97198,INPP5D,7.65E-13,0.028025
1056,0.30091,INS,0.070035,0.62906
1057,3.61E-05,INSR,1.22E-09,0.99996
1058,1.26E-05,INTS7,3.32E-06,0.99998
1059,0.0015595,IPCEF1,0.0011562,0.99728
1060,0.99754,IQGAP1,2.73E-20,0.0024603
1061,8.50E-27,IQGAP2,0.007036,0.99296
1062,0.99969,IQSEC1,8.95E-13,0.00030798
1063,2.61E-19,IRAK2,0.99232,0.0076838
1064,0.9909,IRF1,4.18E-07,0.009099
1065,0.79793,IRF2,4.44E-05,0.20203
1066,0.0090365,IRF5,0.000451,0.99051
1067,0.023645,IRS1,2.21E-05,0.97633
1068,0.99032,IRS2,1.99E-08,0.0096801
1069,0.57796,IRS4,1.74E-05,0.42202
1070,0.002899,ISG20,0.40044,0.59666
1071,8.66E-08,ITGA11,2.89E-07,1
1072,6.28E-11,ITGA2,6.39E-07,1
1073,3.55E-07,ITGA3,1.88E-07,1
1074,0.00010067,ITGA4,3.38E-08,0.9999
1075,0.42455,ITGA5,6.63E-12,0.57545
1076,1.90E-07,ITGA6,9.35E-08,1
1077,6.08E-13,ITGA8,2.04E-05,0.99998
1078,0.0081584,ITGA9,7.28E-09,0.99184
1079,0.0043213,ITGAL,7.49E-10,0.99568
1080,3.31E-11,ITGAM,7.91E-06,0.99999
1081,0.00022844,ITGAV,2.11E-09,0.99977
1082,1.37E-15,ITGAX,0.00021697,0.99978
1083,0.98208,ITGB1,7.48E-10,0.017918
1084,0.0017189,ITGB3,8.35E-06,0.99827
1085,9.53E-19,ITGB4,8.51E-07,1
1086,9.89E-08,ITGB5,0.0007035,0.9993
1087,1.63E-22,ITGB6,0.99736,0.0026426
1088,2.37E-06,ITGB7,0.00018026,0.99982
1089,0.99767,ITGB8,2.52E-11,0.0023321
1090,1,ITPR1,4.39E-43,1.10E-14
1091,5.71E-29,ITPR2,3.68E-10,1
1092,1,ITSN1,1.67E-27,7.25E-07
1093,0.99994,JADE2,4.92E-13,6.49E-05
1094,1,JAG1,1.79E-21,8.28E-08
1095,1,JAG2,6.31E-22,5.39E-08
1096,0.65372,JAK2,2.53E-11,0.34628
1097,0.0006158,JAM3,0.020722,0.97866
1098,1,JMJD1C,2.62E-40,7.95E-16
1099,0.05962,JUN,0.065457,0.87492
1100,0.86299,JUNB,0.0018024,0.13521
1101,0.70054,JUND,0.014898,0.28457
1102,1,KALRN,6.88E-30,4.00E-10
1103,0.57331,KAT2A,3.03E-08,0.42669
1104,0.98975,KAT2B,7.78E-12,0.010254
1105,0.088234,KAT5,1.40E-05,0.91175
1106,1,KAT6A,5.85E-35,6.47E-14
1107,1,KAT6B,4.27E-28,3.04E-10
1108,0.22493,KAT8,6.00E-05,0.77501
1109,0.59671,KAZN,1.23E-07,0.40329
1110,0.037604,KCNIP3,0.0064448,0.95595
1111,0.11313,KCNJ15,0.025144,0.86172
1112,0.031161,KCNK1,0.038996,0.92984
1113,0.99731,KCNMA1,1.21E-14,0.002694
1114,0.5544,KCNMB2,0.0025096,0.44309
1115,0.97227,KCNN3,5.37E-08,0.027735
1116,0.85538,KCTD1,0.00043199,0.14419
1117,0.99667,KDM1A,2.46E-12,0.0033338
1118,1,KDM2A,9.15E-27,4.03E-11
1119,1,KDM2B,8.59E-21,5.84E-07
1120,6.52E-07,KDM4C,3.89E-07,1
1121,1,KDM5A,1.63E-27,3.78E-09
1122,1,KDM6B,1.96E-22,3.34E-08
1123,0.99982,KDR,3.58E-18,0.00018468
1124,0.00038766,KEAP1,0.00035101,0.99926
1125,0.99423,KHDRBS1,1.37E-07,0.0057738
1126,0.038537,KHDRBS2,0.0012727,0.96019
1127,1,KHSRP,6.07E-16,1.12E-06
1128,0.00023185,KIAA1217,8.46E-11,0.99977
1129,2.04E-05,KIAA1324L,1.66E-06,0.99998
1130,0.99998,KIF2A,4.27E-14,2.38E-05
1131,3.57E-15,KIR2DL1,0.99845,0.0015538
1132,2.68E-09,KIR2DL3,0.9149,0.0851
1133,8.36E-14,KIR3DL1,0.99483,0.0051666
1134,0.98087,KIT,3.60E-11,0.019126
1135,0.85024,KITLG,9.65E-05,0.14966
1136,8.32E-09,KLF11,0.83975,0.16025
1137,0.56044,KLF2,0.011244,0.42832
1138,0.99714,KLF4,1.22E-07,0.0028555
1139,0.8181,KLF5,0.00016375,0.18173
1140,0.97946,KLF6,1.52E-05,0.020527
1141,0.98178,KLF7,1.13E-05,0.01821
1142,0.88783,KLF9,0.0010725,0.1111
1143,4.03E-06,KLHL6,0.0099068,0.99009
1144,0.00012775,KLK2,0.35486,0.64501
1145,4.43E-06,KLK3,0.59262,0.40737
1146,4.14E-05,KLRC1,0.35802,0.64194
1147,0.0008747,KLRD1,0.19151,0.80762
1148,6.98E-14,KLRK1,0.99535,0.0046476
1149,1,KMT2B,8.85E-42,1.98E-16
1150,NA,KMT5A,NA,NA
1151,3.21E-10,KNG1,0.086728,0.91327
1152,0.54133,KPNA2,2.34E-05,0.45865
1153,1,KPNB1,2.83E-20,3.59E-08
1154,0.00078803,KRAS,0.21019,0.78902
1155,0.73629,KRT1,3.91E-06,0.26371
1156,1.10E-11,KRT17,0.91161,0.088393
1157,2.36E-08,KRT8,0.28952,0.71048
1158,3.46E-06,KRT80,0.054317,0.94568
1159,0.069796,KSR1,8.42E-07,0.9302
1160,1,KSR2,1.05E-17,7.85E-07
1161,0.0064543,KTN1,5.82E-15,0.99355
1162,4.18E-18,KYNU,0.99448,0.0055187
1163,3.22E-32,LAMA1,2.36E-10,1
1164,2.41E-47,LAMA2,2.74E-05,0.99997
1165,8.83E-46,LAMA3,1.55E-07,1
1166,2.50E-19,LAMB2,1.18E-06,1
1167,1,LAMC1,8.09E-23,6.16E-07
1168,1.47E-07,LAP3,0.043327,0.95667
1169,4.28E-13,LAPTM4B,0.99299,0.0070134
1170,0.90044,LAPTM5,0.00016218,0.0994
1171,0.9827,LASP1,2.02E-06,0.017298
1172,0.99987,LATS1,4.56E-15,0.00013094
1173,0.98807,LATS2,1.36E-09,0.011927
1174,4.19E-15,LBP,0.97666,0.023338
1175,0.92466,LCP2,2.70E-08,0.075337
1176,0.9546,LDB2,4.47E-06,0.045399
1177,9.84E-24,LDLR,0.99304,0.0069579
1178,0.99789,LEF1,1.18E-08,0.0021106
1179,0.99475,LEPR,3.06E-13,0.0052486
1180,2.32E-05,LGALS3,0.48358,0.51639
1181,0.056209,LHFPL2,0.070842,0.87295
1182,0.5242,LIF,0.014804,0.461
1183,1.49E-13,LIFR,0.0001538,0.99985
1184,0.94734,LIMCH1,7.47E-13,0.052664
1185,0.41673,LIMD1,1.24E-05,0.58326
1186,0.99937,LIMK1,2.52E-11,0.00062909
1187,0.01561,LIMK2,4.10E-05,0.98435
1188,0.0031502,LIMS1,0.010029,0.98682
1189,NA,LINC00299,NA,NA
1190,NA,LINC00474,NA,NA
1191,5.53E-07,LIPA,0.12626,0.87374
1192,0.030752,LITAF,0.14601,0.82324
1193,1.26E-08,LMBR1,0.013184,0.98682
1194,0.9994,LMNA,1.13E-10,0.00060471
1195,0.15884,LMO2,0.060089,0.78107
1196,0.99978,LMTK2,3.17E-15,0.00021722
1197,1.27E-09,LPL,0.44009,0.55991
1198,0.0071908,LPP,0.00012737,0.99268
1199,0.99552,LRCH1,2.51E-11,0.0044802
1200,0.035031,LRIG1,1.01E-07,0.96497
1201,1.17E-09,LRIG3,2.84E-05,0.99997
1202,1,LRP1,3.99E-90,7.45E-35
1203,2.53E-06,LRP1B,3.99E-37,1
1204,0.99999,LRP2,1.13E-46,6.63E-06
1205,0.69664,LRP6,1.15E-15,0.30336
1206,0.019511,LRRFIP1,0.0035273,0.97696
1207,2.58E-30,LRRK2,6.37E-09,1
1208,0.98742,LSAMP,9.25E-07,0.012582
1209,0.19685,LTA,0.041527,0.76163
1210,9.61E-11,LTB,0.98765,0.012347
1211,3.72E-09,LTBP1,1.51E-11,1
1212,0.3058,LTBR,0.00014576,0.69405
1213,1.27E-21,LTF,0.99117,0.0088337
1214,9.29E-26,LTK,0.99914,0.00086032
1215,2.35E-10,LUZP2,0.74343,0.25657
1216,7.42E-05,LY96,0.47313,0.5268
1217,0.77265,LYL1,0.0069462,0.22041
1218,0.99886,LYN,5.28E-10,0.0011377
1219,1,MACF1,4.82E-108,2.32E-39
1220,0.43472,MACROD2,1.08E-05,0.56527
1221,6.84E-16,MAD1L1,0.4332,0.5668
1222,0.53462,MADCAM1,0.013694,0.45169
1223,0.74382,MAF,0.0020987,0.25408
1224,0.94812,MAF1,3.09E-05,0.05185
1225,0.73176,MAFG,0.010948,0.25729
1226,0.5597,MAGI1,4.70E-13,0.4403
1227,0.99943,MAGI2,1.34E-15,0.00056641
1228,0.99984,MAML3,3.41E-14,0.00015514
1229,0.11123,MAN1A1,9.42E-06,0.88876
1230,1,MAP1B,7.33E-27,9.78E-10
1231,0.027922,MAP1LC3A,0.1615,0.81058
1232,1,MAP2,1.62E-22,8.30E-09
1233,0.89669,MAP2K1,7.34E-06,0.1033
1234,0.96673,MAP2K2,2.06E-06,0.033269
1235,0.022009,MAP2K3,0.0029529,0.97504
1236,0.99709,MAP2K4,2.58E-08,0.0029132
1237,0.004765,MAP2K5,9.47E-06,0.99523
1238,0.91334,MAP2K6,9.42E-07,0.086656
1239,0.99552,MAP2K7,7.37E-08,0.0044754
1240,0.99998,MAP3K1,8.29E-18,1.89E-05
1241,0.58758,MAP3K10,3.25E-06,0.41242
1242,0.010875,MAP3K11,2.85E-06,0.98912
1243,1,MAP3K12,3.47E-17,3.45E-07
1244,0.99999,MAP3K2,7.79E-14,8.20E-06
1245,NA,MAP3K20,NA,NA
1246,0.98535,MAP3K3,4.56E-10,0.014653
1247,1,MAP3K4,4.41E-25,7.25E-08
1248,0.51964,MAP3K5,3.20E-12,0.48036
1249,0.99971,MAP3K7,3.87E-12,0.00029137
1250,0.96825,MAP3K8,1.83E-06,0.031747
1251,0.84782,MAP4,6.93E-09,0.15218
1252,0.98919,MAP4K1,1.79E-12,0.010815
1253,1.54E-11,MAP4K2,0.00011723,0.99988
1254,0.10987,MAP4K3,1.34E-10,0.89013
1255,1,MAP4K4,2.97E-23,1.10E-07
1256,0.99469,MAP4K5,1.55E-12,0.0053087
1257,0.99698,MAPK1,1.39E-07,0.00302
1258,0.27553,MAPK10,3.80E-05,0.72443
1259,0.00033565,MAPK11,0.010291,0.98937
1260,5.87E-07,MAPK12,0.11841,0.88159
1261,6.72E-11,MAPK13,0.58655,0.41345
1262,0.37466,MAPK14,8.44E-05,0.62525
1263,1.87E-21,MAPK15,0.99958,0.00041956
1264,0.036884,MAPK3,0.0013608,0.96176
1265,0.21895,MAPK4,0.00031365,0.78073
1266,0.0031023,MAPK7,0.00042983,0.99647
1267,0.99823,MAPK8,7.70E-09,0.0017736
1268,0.99983,MAPK8IP1,2.52E-11,0.00016937
1269,0.99997,MAPK8IP2,1.34E-12,2.64E-05
1270,1,MAPK8IP3,3.04E-23,2.99E-08
1271,0.069738,MAPK9,0.0001017,0.93016
1272,0.99991,MAPKAP1,4.87E-12,8.63E-05
1273,0.99957,MAPKAPK2,1.19E-09,0.00042787
1274,3.72E-09,MAPKAPK3,0.44845,0.55155
1275,0.35435,MAPKAPK5,2.00E-05,0.64563
1276,0.0060258,MAPT,0.00016462,0.99381
1277,0.0086782,1-Mar,0.011373,0.97995
1278,3.30E-24,10-Mar,0.99973,0.00026554
1279,0.17324,3-Mar,0.0119,0.81486
1280,0.32648,MARCKS,0.058877,0.61465
1281,0.99999,MARK2,1.08E-14,1.35E-05
1282,1.43E-06,MARK3,7.54E-05,0.99992
1283,1.71E-19,MAST2,4.96E-05,0.99995
1284,0.00011694,MAST4,3.14E-15,0.99988
1285,0.99846,MAT2A,2.70E-08,0.0015394
1286,2.31E-06,MATK,0.0045099,0.99549
1287,6.70E-07,MAVS,0.52641,0.47359
1288,0.8335,MAX,0.00063069,0.16587
1289,0.70579,MBNL1,2.68E-05,0.29418
1290,0.28446,MBP,0.019647,0.6959
1291,0.00091697,MC4R,0.41003,0.58905
1292,4.66E-16,MCC,0.023468,0.97653
1293,2.72E-07,MCF2L,1.13E-08,1
1294,1.16E-24,MCF2L2,0.46951,0.53049
1295,0.96349,MCL1,6.32E-05,0.036451
1296,6.95E-11,MCM3,0.0016223,0.99838
1297,1.94E-24,MCM7,0.99928,0.00072123
1298,7.76E-30,MCPH1,0.99999,1.26E-05
1299,9.31E-05,MCTP1,1.87E-07,0.99991
1300,2.27E-08,MDC1,8.10E-08,1
1301,0.23005,MDK,0.030859,0.73909
1302,0.99981,MDM2,3.26E-11,0.0001884
1303,0.99992,MDM4,2.08E-11,8.12E-05
1304,0.37737,MDS2,0.041684,0.58095
1305,1,MECOM,5.50E-17,1.55E-06
1306,1,MED14,3.00E-20,3.68E-08
1307,0.99974,MED15,4.69E-15,0.00025526
1308,2.59E-14,MED16,0.59988,0.40012
1309,0.00011083,MED28,0.38592,0.61397
1310,0.0076107,MED4,0.013689,0.9787
1311,0.017256,MEF2C,0.00086192,0.98188
1312,0.99705,MEF2D,5.41E-09,0.0029539
1313,0.99951,MEIS1,1.64E-09,0.00048825
1314,4.51E-22,MELK,0.9975,0.0024993
1315,0.99971,MEN1,9.15E-11,0.0002876
1316,2.66E-11,MERTK,0.0013056,0.99869
1317,0.96998,MET,1.84E-13,0.030022
1318,5.55E-11,METTL8,0.88239,0.11761
1319,0.80352,METTL9,0.00020269,0.19627
1320,0.98879,MGAT1,3.44E-06,0.011202
1321,0.020016,MGLL,0.016256,0.96373
1322,1.18E-07,MGMT,0.8907,0.1093
1323,0.10393,MGRN1,1.06E-05,0.89606
1324,0.0049697,MICA,0.024719,0.97031
1325,2.18E-12,MICAL2,7.98E-05,0.99992
1326,1.20E-07,MICALL1,0.0026316,0.99737
1327,0.97967,MID1,6.09E-07,0.020332
1328,1,MINK1,3.87E-27,7.52E-10
1329,2.08E-11,MIPOL1,0.59736,0.40264
1330,NA,MIR17HG,NA,NA
1331,0.98119,MITF,2.06E-08,0.018805
1332,1.26E-28,MKI67,0.0010241,0.99898
1333,8.05E-10,MKNK1,0.29789,0.70211
1334,1.40E-05,MKNK2,0.0082397,0.99175
1335,0.99421,MKRN1,2.80E-08,0.0057926
1336,3.41E-05,MLH1,1.93E-05,0.99995
1337,0.99964,MLLT3,7.86E-10,0.00036098
1338,7.88E-18,MMP13,0.99784,0.002162
1339,0.99522,MMP14,3.54E-09,0.0047784
1340,0.83878,MMP2,1.98E-07,0.16122
1341,5.74E-15,MMP3,0.98537,0.014628
1342,1.89E-17,MMP9,0.97436,0.025637
1343,0.99739,MNT,9.76E-08,0.0026091
1344,0.95091,MOB1A,0.00013203,0.048956
1345,0.035037,MOB1B,0.033128,0.93184
1346,0.80908,MOV10,5.27E-10,0.19092
1347,1.95E-12,MPG,0.98294,0.017058
1348,4.07E-09,MPL,0.0027955,0.9972
1349,0.98078,MPRIP,1.49E-12,0.019221
1350,0.27158,MPZ,0.004675,0.72375
1351,0.15905,MPZL1,0.013947,0.827
1352,4.90E-18,MR1,0.99956,0.00044056
1353,0.94335,MRC1,7.80E-06,0.056645
1354,NA,MRE11,NA,NA
1355,0.50212,MRPL27,0.017416,0.48046
1356,1.92E-06,MRPS27,0.027427,0.97257
1357,NA,MKL1,NA,NA
1358,5.08E-05,MS4A1,0.31387,0.68608
1359,5.60E-09,MS4A2,0.93126,0.068739
1360,0.024651,MSC,0.18283,0.79252
1361,0.072006,MSGN1,0.17253,0.75547
1362,0.89539,MSH2,5.20E-10,0.10461
1363,0.99478,MSI2,1.08E-07,0.0052238
1364,4.78E-19,MST1,0.85727,0.14273
1365,7.87E-37,MST1R,1,4.80E-06
1366,1,MTA1,1.12E-16,1.08E-06
1367,1.94E-12,MTHFD1L,0.00046656,0.99953
1368,3.21E-10,MTHFR,0.086736,0.91326
1369,0.0012631,MTMR9,6.43E-05,0.99867
1370,7.23E-07,MTNR1A,0.83854,0.16146
1371,1,MTOR,1.54E-40,2.31E-11
1372,0.9997,MTSS1,4.00E-12,0.00029562
1373,0.018774,MUC1,0.0037329,0.97749
1374,9.43E-10,MUC2,3.04E-16,1
1375,2.79E-54,MUC4,0.99998,1.66E-05
1376,6.76E-08,MVP,0.0012144,0.99879
1377,3.42E-18,MX1,0.98189,0.018112
1378,0.81924,MYB,1.11E-08,0.18076
1379,0.12226,MYBL2,1.61E-06,0.87774
1380,8.01E-11,MYBPC3,4.51E-07,1
1381,0.99801,MYC,5.07E-08,0.0019941
1382,1,MYCBP2,4.81E-74,2.11E-25
1383,0.88897,MYCN,0.00021526,0.11081
1384,0.0033849,MYEOV,0.59694,0.39967
1385,1,MYH9,6.16E-38,1.44E-14
1386,9.17E-12,MYLK,6.95E-10,1
1387,0.98723,MYO18A,6.28E-20,0.012774
1388,7.24E-05,MYO1B,9.11E-11,0.99993
1389,2.03E-36,MYO3B,0.99693,0.0030746
1390,1,MYO9B,2.50E-28,6.49E-09
1391,0.15239,MYOD1,0.064233,0.78338
1392,1.48E-54,MYOF,0.99783,0.0021672
1393,7.22E-06,MYRIP,7.36E-06,0.99999
1394,0.97791,MYT1,2.10E-12,0.022087
1395,1.07E-10,MZF1,0.49404,0.50596
1396,0.62056,N4BP1,2.45E-06,0.37944
1397,1,NAA35,5.57E-17,1.56E-06
1398,8.73E-08,NAALADL2,0.00084141,0.99916
1399,3.28E-05,NABP1,0.40914,0.59082
1400,0.00016166,NAIP,0.30422,0.69562
1401,0.99995,NAV2,8.04E-24,4.54E-05
1402,1,NAV3,7.45E-30,5.70E-09
1403,2.18E-16,NBN,0.65704,0.34296
1404,0.99999,NCAM1,3.63E-16,1.25E-05
1405,1,NCBP1,1.10E-19,6.26E-08
1406,0.0020702,NCK1,0.018015,0.97992
1407,0.45789,NCK2,0.001087,0.54102
1408,0.99992,NCL,7.90E-13,7.88E-05
1409,0.99981,NCOA1,1.81E-17,0.00018657
1410,1,NCOA2,5.68E-23,1.04E-08
1411,0.54065,NCOA3,5.48E-13,0.45935
1412,3.30E-05,NCOA7,8.30E-07,0.99997
1413,1,NCOR2,8.28E-32,4.66E-10
1414,0.011324,NDRG1,0.00032444,0.98835
1415,2.20E-05,NDRG2,0.0043194,0.99566
1416,0.99995,NDST1,4.12E-14,4.51E-05
1417,8.72E-13,NEDD4,2.46E-06,1
1418,1,NEDD4L,1.05E-19,3.15E-06
1419,0.12634,NEDD9,1.52E-06,0.87366
1420,1.15E-06,NEK2,0.01203,0.98797
1421,0.038901,NEK6,0.0012545,0.95984
1422,0.88018,NEK7,1.08E-05,0.11981
1423,8.21E-18,NEK9,0.058638,0.94136
1424,0.24398,NEO1,1.17E-12,0.75602
1425,NA,NEURL3,NA,NA
1426,0.90175,NF1,2.40E-25,0.09825
1427,1,NF2,1.74E-14,4.43E-06
1428,6.29E-05,NFAM1,0.26929,0.73065
1429,0.99999,NFASC,5.52E-19,1.20E-05
1430,0.15652,NFATC1,5.08E-06,0.84348
1431,0.99995,NFATC2,4.78E-14,4.80E-05
1432,0.99813,NFATC3,2.98E-12,0.0018719
1433,0.8679,NFATC4,1.16E-07,0.1321
1434,0.99959,NFIA,4.31E-11,0.00040701
1435,0.99861,NFIB,8.65E-10,0.0013934
1436,0.090534,NFIC,0.00032683,0.90914
1437,0.99981,NFKBIZ,7.00E-12,0.000193
1438,0.14619,NFYA,0.00014091,0.85367
1439,0.00024967,NFYB,0.21715,0.7826
1440,0.10847,NFYC,4.86E-05,0.89148
1441,0.82026,NGF,0.0036879,0.17605
1442,0.097889,NGFR,0.0014114,0.9007
1443,0.57964,NHLH2,0.039716,0.38064
1444,9.63E-09,NIN,6.46E-15,1
1445,0.11745,NINJ1,0.09467,0.78788
1446,0.00050065,NKIRAS1,0.30032,0.69918
1447,0.00047049,NKX3-1,0.3135,0.68603
1448,0.85276,NLGN1,7.65E-07,0.14724
1449,0.99991,NLK,2.58E-11,8.87E-05
1450,9.42E-08,NLRC5,3.56E-12,1
1451,1.42E-38,NLRP2,1,1.21E-07
1452,0.0031764,NME1,0.16136,0.83547
1453,4.05E-06,NME7,0.044569,0.95543
1454,8.70E-06,NMI,0.22072,0.77927
1455,5.28E-08,NNMT,0.93058,0.069415
1456,2.46E-18,NOD1,0.97139,0.028611
1457,0.0001992,NOL3,0.49939,0.50041
1458,0.00010396,NOLC1,9.52E-05,0.9998
1459,1,NOS1,1.62E-22,4.25E-07
1460,4.03E-15,NOS2,0.00112,0.99888
1461,6.72E-07,NOS3,1.52E-08,1
1462,1,NOTCH1,1.93E-38,1.72E-14
1463,1,NOTCH2,5.03E-35,8.39E-13
1464,0.40757,NOTCH3,1.05E-16,0.59243
1465,2.05E-23,NOTCH4,0.00029251,0.99971
1466,3.05E-28,NOX5,0.99997,2.96E-05
1467,2.81E-09,NOXA1,0.26965,0.73035
1468,0.99974,NPAS3,3.02E-12,0.0002633
1469,0.99816,NPM1,4.18E-08,0.0018439
1470,1.19E-09,NQO1,0.89924,0.10076
1471,8.76E-07,NQO2,0.68037,0.31963
1472,8.34E-06,NR0B2,0.67593,0.32406
1473,0.81796,NR1D1,6.73E-06,0.18204
1474,0.37506,NR1H2,8.42E-05,0.62486
1475,0.00093892,NR1H4,0.00048629,0.99857
1476,0.99892,NR2C2,4.63E-10,0.0010785
1477,0.99864,NR2E1,1.99E-08,0.0013603
1478,0.98972,NR2F2,2.78E-06,0.010278
1479,0.45111,NR2F6,0.005546,0.54335
1480,0.96958,NR3C1,1.37E-08,0.030417
1481,0.83739,NR3C2,8.29E-09,0.16261
1482,0.37074,NR4A1,8.70E-05,0.62918
1483,0.99959,NR4A2,1.06E-09,0.00040733
1484,0.9126,NR4A3,9.63E-07,0.087399
1485,0.49009,NRAS,0.0041352,0.50578
1486,0.015254,NRCAM,2.41E-11,0.98475
1487,0.99665,NRG1,1.49E-09,0.0033492
1488,0.10947,NRG3,9.69E-06,0.89052
1489,0.99394,NRIP1,1.28E-09,0.0060618
1490,0.98584,NRP1,1.72E-11,0.014159
1491,0.00080686,NRP2,2.05E-07,0.99919
1492,0.99964,NRXN1,9.05E-17,0.00036103
1493,1,NRXN3,1.31E-16,1.15E-06
1494,1,NSD1,2.39E-39,7.31E-15
1495,7.64E-12,NSMAF,6.50E-05,0.99993
1496,0.057798,NTM,0.0033275,0.93887
1497,1.96E-06,NTRK1,0.00023674,0.99976
1498,1,NTRK2,1.46E-16,1.20E-06
1499,0.9983,NTRK3,1.16E-11,0.0016962
1500,0.098693,NUAK1,5.72E-05,0.90125
1501,4.99E-05,NUAK2,0.0065688,0.99338
1502,0.0039959,NUMB,0.00029829,0.99571
1503,0.99902,NUMBL,3.67E-10,0.00097969
1504,1,NUP153,1.53E-19,9.89E-07
1505,1.10E-22,NUP210,0.00013056,0.99987
1506,0.99725,NXN,2.24E-08,0.0027452
1507,2.61E-21,OAS2,0.99635,0.0036471
1508,1.97E-33,OAS3,0.99998,1.82E-05
1509,2.76E-11,OASL,0.95819,0.041808
1510,8.56E-07,OCLN,0.077101,0.9229
1511,1.89E-06,OFCC1,0.30409,0.69591
1512,3.93E-12,OGG1,0.90721,0.092788
1513,1,OGT,1.80E-15,1.74E-06
1514,0.007199,OLR1,0.014801,0.978
1515,0.0033233,OPRD1,0.15428,0.84239
1516,7.89E-11,OPRM1,0.857,0.143
1517,5.91E-18,OPTN,0.987,0.013002
1518,3.33E-07,OSBPL10,0.00060967,0.99939
1519,1.59E-06,OSBPL3,5.37E-07,1
1520,0.010518,OSBPL8,5.02E-09,0.98948
1521,0.97558,OSBPL9,6.57E-11,0.024416
1522,0.58916,OSM,0.037107,0.37374
1523,0.86296,OSR1,0.0018035,0.13524
1524,0.97107,OTUB1,7.20E-06,0.028927
1525,0.77444,OXSR1,1.02E-07,0.22556
1526,1.53E-06,P2RY6,0.8678,0.1322
1527,0.99876,PA2G4,3.22E-09,0.0012406
1528,2.43E-07,PACRG,0.50636,0.49364
1529,0.21345,PACSIN2,1.36E-05,0.78653
1530,0.017764,PAG1,0.0040485,0.97819
1531,0.0013306,PAK1,5.97E-05,0.99861
1532,0.97169,PAK2,5.65E-08,0.028308
1533,0.98716,PAK3,1.97E-07,0.012838
1534,4.36E-05,PAK4,0.0079459,0.99201
1535,NA,PAK5,NA,NA
1536,4.31E-05,PAK6,0.0016614,0.9983
1537,5.25E-06,PALLD,9.61E-08,0.99999
1538,7.40E-07,PANK2,0.091398,0.9086
1539,0.95577,PARD3,1.97E-14,0.044228
1540,7.28E-13,PARD3B,0.00038423,0.99962
1541,0.0064719,PARD6A,0.073454,0.92007
1542,0.75335,PARK7,0.0018815,0.24477
1543,0.00033366,PARP1,1.48E-07,0.99967
1544,1.82E-08,PARP10,0.0016131,0.99839
1545,0.0067415,PARP14,7.96E-11,0.99326
1546,5.00E-09,PARP9,0.010111,0.98989
1547,0.99798,PAX5,5.23E-08,0.0020207
1548,0.99975,PAX6,6.55E-11,0.00025086
1549,0.14469,PAX7,0.00070858,0.8546
1550,0.99869,PAX8,3.69E-09,0.0013115
1551,1.22E-06,PBK,0.39889,0.60111
1552,0.99527,PBX1,1.71E-08,0.0047314
1553,0.99617,PCBP2,5.03E-08,0.0038279
1554,0.84326,PCBP3,4.48E-06,0.15674
1555,0.0023713,PCBP4,0.0031094,0.99452
1556,8.03E-25,PCDH15,0.0061344,0.99387
1557,1.75E-23,PCK2,0.99963,0.00036831
1558,1,PCLO,1.79E-58,7.27E-20
1559,0.97606,PCNA,2.22E-05,0.023917
1560,0.99986,PDE10A,1.25E-13,0.0001372
1561,0.4746,PDE4B,3.26E-07,0.5254
1562,0.9998,PDE4D,1.50E-12,0.00019783
1563,0.0045645,PDE7A,0.00024611,0.99519
1564,0.80842,PDGFA,0.0009251,0.19065
1565,0.77006,PDGFB,0.00031578,0.22963
1566,0.99374,PDGFC,8.27E-07,0.0062592
1567,1,PDGFRA,5.14E-18,2.17E-06
1568,0.9041,PDGFRB,1.70E-11,0.095903
1569,0.99608,PDIA3,1.08E-08,0.0039222
1570,1.10E-05,PDK1,0.011569,0.98842
1571,3.71E-06,PDK2,0.049794,0.9502
1572,0.0016769,PDLIM5,4.28E-05,0.99828
1573,0.98013,PDPK1,2.84E-06,0.019863
1574,0.017775,PDX1,0.08093,0.9013
1575,0.98471,PDZRN3,2.50E-09,0.015292
1576,0.79212,PEA15,0.0054476,0.20243
1577,0.09167,PEBP1,0.035125,0.87321
1578,NA,PECAM1,NA,NA
1579,2.63E-05,PEG3,2.33E-07,0.99997
1580,0.39038,PELI1,0.00036934,0.60925
1581,0.0094922,PELI3,0.0020663,0.98844
1582,0.00029308,PER1,3.60E-08,0.99971
1583,0.7148,PER2,3.39E-10,0.2852
1584,0.079462,PERP,0.043578,0.87696
1585,0.24579,PFKFB3,1.00E-05,0.7542
1586,0.73258,PFN1,0.010856,0.25657
1587,0.1288,PGF,0.020241,0.85096
1588,0.76537,PGK1,0.00033455,0.23429
1589,0.0084969,PGPEP1,0.05225,0.93925
1590,0.051042,PGR,6.84E-06,0.94895
1591,1.26E-11,PGS1,0.68404,0.31596
1592,0.63537,PHACTR1,0.026153,0.33847
1593,1.04E-06,PHACTR2,0.00058797,0.99941
1594,2.84E-06,PHACTR4,0.000686,0.99931
1595,0.7588,PHB,0.00036225,0.24084
1596,1,PHF2,3.81E-17,4.94E-06
1597,0.25036,PHLDA3,0.099008,0.65063
1598,1.67E-08,PHLDB2,3.06E-06,1
1599,0.99927,PHLPP1,1.23E-14,0.00072964
1600,1.21E-06,PHLPP2,1.60E-07,1
1601,0.99999,PIAS1,2.13E-13,1.24E-05
1602,0.98499,PIAS3,1.18E-08,0.015012
1603,0.99986,PIAS4,7.74E-11,0.00013938
1604,NA,PIDD1,NA,NA
1605,3.94E-21,PIEZO1,2.59E-10,1
1606,8.10E-07,PIEZO2,1.87E-20,1
1607,0.81331,PIGR,2.96E-07,0.18669
1608,1,PIK3AP1,3.29E-15,4.31E-06
1609,0.99651,PIK3C2B,7.74E-18,0.0034897
1610,8.42E-11,PIK3C3,5.07E-05,0.99995
1611,1,PIK3CA,6.01E-24,4.14E-09
1612,0.99964,PIK3CB,4.42E-16,0.00035929
1613,1.41E-06,PIK3CG,1.56E-05,0.99998
1614,0.016273,PIK3R2,7.80E-06,0.98372
1615,0.024537,PIK3R4,2.91E-10,0.97546
1616,0.30013,PIK3R5,5.18E-08,0.69987
1617,0.84846,PIM1,9.97E-05,0.15144
1618,0.94801,PIM2,0.00015244,0.051838
1619,0.98192,PIM3,1.11E-05,0.018068
1620,0.74031,PIN1,0.0021831,0.25751
1621,1.87E-10,PINK1,0.60273,0.39727
1622,0.14155,PIP4K2A,0.00073779,0.85771
1623,0.97704,PIP5K1C,6.81E-09,0.022964
1624,1,PKD1,5.12E-41,7.62E-12
1625,0.00017271,PKD2,3.81E-07,0.99983
1626,0.1418,PKIA,0.21652,0.64168
1627,0.51408,PKIG,0.06151,0.42441
1628,0.8549,PKM,3.64E-06,0.1451
1629,0.21858,PKMYT1,0.0003148,0.78111
1630,0.20442,PKN1,2.49E-08,0.79558
1631,1,PKN2,3.85E-18,1.00E-06
1632,5.98E-05,PLA2G4A,4.26E-05,0.9999
1633,0.11953,PLAC8,0.092371,0.7881
1634,0.9764,PLAGL1,2.14E-05,0.023577
1635,5.66E-05,PLAT,0.00022798,0.99972
1636,2.31E-06,PLAU,0.021429,0.97857
1637,0.0053378,PLAUR,0.022418,0.97224
1638,1.73E-72,PLB1,1,2.99E-12
1639,0.98337,PLCB1,8.65E-15,0.016633
1640,3.07E-20,PLCB2,0.060572,0.93943
1641,3.04E-06,PLCB4,7.14E-11,1
1642,5.68E-11,PLCE1,8.51E-14,1
1643,7.93E-05,PLCG1,3.27E-12,0.99992
1644,4.78E-21,PLD1,0.14192,0.85808
1645,4.14E-27,PLD2,0.99297,0.0070263
1646,8.35E-12,PLEC,1.05E-23,1
1647,0.83804,PLEKHA2,4.89E-06,0.16195
1648,6.22E-09,PLEKHA7,2.13E-08,1
1649,4.68E-08,PLEKHG3,8.45E-05,0.99992
1650,0.48341,PLEKHO1,0.00018165,0.51641
1651,0.97851,PLK1,1.41E-07,0.021489
1652,0.9999,PLK2,1.36E-12,9.84E-05
1653,1.85E-06,PLK3,0.0012646,0.99873
1654,0.44947,PLN,0.090687,0.45985
1655,0.011923,PLSCR1,0.0072236,0.98085
1656,1.19E-06,PLSCR2,0.4048,0.5952
1657,NA,PLSCR3,NA,NA
1658,0.99951,PLXNA1,6.48E-20,0.00049062
1659,1.08E-06,PLXNA2,2.63E-12,1
1660,0.99234,PLXNB2,2.17E-18,0.0076633
1661,0.99811,PLXNC1,4.23E-17,0.0018884
1662,0.11182,PMAIP1,0.27386,0.61432
1663,0.21291,PML,2.76E-06,0.78708
1664,0.90958,PMP22,0.00061688,0.089803
1665,3.66E-14,PNKP,0.91833,0.081672
1666,0.011024,PNPLA8,1.38E-05,0.98896
1667,8.73E-07,POLA2,0.00015255,0.99985
1668,0.1451,POLD4,0.069376,0.78552
1669,8.05E-27,POLE,2.18E-08,1
1670,0.9998,POLR1A,1.52E-21,0.00020244
1671,5.44E-05,PON2,0.10889,0.89105
1672,0.90229,POU2F1,1.06E-08,0.097706
1673,0.99884,POU2F2,2.76E-09,0.0011637
1674,0.91964,POU4F3,0.0004569,0.079907
1675,0.030182,PPARA,0.0018435,0.96797
1676,0.029194,PPARG,0.001938,0.96887
1677,1,PPFIA2,2.07E-25,3.85E-09
1678,6.00E-34,PPFIBP2,0.99997,3.36E-05
1679,0.55734,PPIA,0.011517,0.43115
1680,1.51E-42,PPL,0.99986,0.00014295
1681,0.99834,PPM1A,3.24E-08,0.0016611
1682,0.0090829,PPM1B,0.0022028,0.98871
1683,2.23E-11,PPM1D,0.58453,0.41547
1684,0.9604,PPM1G,1.30E-07,0.039604
1685,0.79216,PPM1H,9.74E-06,0.20783
1686,2.25E-09,PPM1J,0.31591,0.68409
1687,0.00090639,PPM1M,0.053998,0.9451
1688,0.98588,PPP1CA,1.23E-06,0.014114
1689,0.99912,PPP1CB,6.96E-09,0.00088337
1690,0.95777,PPP1CC,3.73E-06,0.042226
1691,1,PPP1R12A,2.38E-21,4.82E-08
1692,0.03206,PPP1R13L,1.40E-05,0.96793
1693,0.12672,PPP1R14A,0.084994,0.78829
1694,2.21E-12,PPP1R15A,0.8747,0.1253
1695,0.24098,PPP1R1B,0.0061108,0.75291
1696,0.06928,PPP1R2,0.012024,0.9187
1697,0.99975,PPP1R9B,6.32E-11,0.00024712
1698,0.9893,PPP2CA,6.21E-07,0.010699
1699,0.34419,PPP2CB,0.00052846,0.65529
1700,0.98389,PPP2R1A,1.41E-08,0.016115
1701,0.99495,PPP2R2A,2.01E-08,0.0050526
1702,0.98467,PPP2R2B,3.04E-07,0.015327
1703,0.81558,PPP2R5A,1.41E-06,0.18441
1704,0.97071,PPP2R5C,1.24E-08,0.029287
1705,0.99993,PPP2R5D,6.33E-13,7.19E-05
1706,0.99988,PPP3CA,1.11E-11,0.00012117
1707,0.26374,PPP3CC,8.52E-06,0.73625
1708,0.41481,PPP3R1,0.00727,0.57792
1709,0.4554,PPP4C,0.00022503,0.54437
1710,0.99938,PPP5C,1.22E-10,0.00062416
1711,0.85535,PPP6C,1.78E-05,0.14464
1712,0.9565,PRDM1,1.65E-07,0.043505
1713,0.019397,PRDM14,0.00072505,0.97988
1714,0.99999,PRDM16,5.46E-16,1.48E-05
1715,7.70E-10,PRDX1,0.97824,0.021761
1716,1,PREX1,2.05E-31,3.56E-12
1717,3.33E-16,PREX2,1.13E-07,1
1718,0.00033439,PRG3,0.16635,0.83332
1719,0.13725,PRKAA1,3.20E-05,0.86271
1720,3.53E-08,PRKAA2,0.064311,0.93569
1721,0.0052573,PRKAB1,0.02289,0.97185
1722,0.97142,PRKACA,1.41E-06,0.028581
1723,0.99692,PRKAG2,1.21E-09,0.003077
1724,0.99985,PRKAR1A,8.98E-11,0.00014816
1725,0.17935,PRKAR1B,0.00047097,0.82017
1726,0.11865,PRKAR2A,0.00020539,0.88114
1727,0.99713,PRKAR2B,2.50E-08,0.0028738
1728,0.3677,PRKCA,1.49E-07,0.6323
1729,1,PRKCB,2.25E-15,1.91E-06
1730,0.99988,PRKCE,4.87E-13,0.00012449
1731,0.42878,PRKCH,9.36E-08,0.57122
1732,0.067986,PRKCI,8.78E-07,0.93201
1733,0.2972,PRKCQ,5.31E-08,0.7028
1734,0.541,PRKCZ,9.61E-07,0.459
1735,6.65E-07,PRKD1,4.57E-05,0.99995
1736,0.99995,PRKD2,6.35E-14,5.40E-05
1737,0.99938,PRKG1,4.98E-12,0.00062295
1738,NA,PRKN,NA,NA
1739,0.41653,PRKRA,0.0014875,0.58198
1740,0.98732,PRLR,3.86E-08,0.012683
1741,0.99999,PRMT5,6.21E-15,5.59E-06
1742,1.91E-05,PROC,0.024892,0.97509
1743,5.36E-12,PRODH,0.64136,0.35864
1744,0.00047089,PROS1,5.37E-05,0.99948
1745,0.99884,PROX1,5.53E-10,0.0011596
1746,0.0391,PRPF40A,3.51E-09,0.9609
1747,1,PRPF4B,6.90E-18,2.45E-06
1748,0.066916,PRR5,0.0026378,0.93045
1749,4.96E-28,PRUNE2,2.90E-05,0.99997
1750,0.0094778,PSD3,1.43E-07,0.99052
1751,0.42272,PSD4,4.01E-09,0.57728
1752,0.97322,PSEN1,2.43E-07,0.026779
1753,0.00053736,PSEN2,0.0052979,0.99416
1754,0.0027499,PSMB9,0.053972,0.94328
1755,1,PSMD1,9.07E-20,1.12E-07
1756,0.0028024,PSTPIP2,0.0001008,0.9971
1757,0.24232,PTAFR,0.027779,0.7299
1758,0.066085,PTGFR,0.012945,0.92097
1759,0.99597,PTGS2,2.34E-09,0.0040321
1760,0.81146,PTHLH,0.00088526,0.18765
1761,0.99987,PTK2,6.86E-18,0.0001252
1762,0.93536,PTK2B,2.54E-13,0.064643
1763,4.35E-13,PTK6,0.95024,0.04976
1764,0.99721,PTK7,3.23E-13,0.0027887
1765,0.034451,PTMA,0.12898,0.83657
1766,0.28236,PTP4A1,0.01998,0.69766
1767,0.96626,PTP4A2,5.19E-05,0.03369
1768,NA,PTPA,NA,NA
1769,0.81293,PTPN1,1.47E-06,0.18707
1770,0.99998,PTPN11,1.08E-13,1.81E-05
1771,0.99996,PTPN12,3.43E-14,4.19E-05
1772,1.42E-25,PTPN13,4.27E-08,1
1773,1.50E-09,PTPN18,0.17859,0.82141
1774,0.99953,PTPN2,3.03E-10,0.00047026
1775,3.49E-21,PTPN22,0.96933,0.030669
1776,6.71E-09,PTPN3,4.66E-07,1
1777,0.0014228,PTPN5,5.42E-05,0.99852
1778,0.99999,PTPN6,5.81E-14,1.40E-05
1779,9.41E-14,PTPN7,0.74764,0.25236
1780,0.99998,PTPRA,1.62E-15,2.30E-05
1781,1,PTPRD,7.41E-33,3.38E-12
1782,0.00081616,PTPRE,2.02E-07,0.99918
1783,1,PTPRF,3.07E-26,4.68E-08
1784,5.07E-06,PTPRG,1.69E-10,0.99999
1785,1.03E-36,PTPRH,0.99998,2.09E-05
1786,1.29E-11,PTPRJ,6.22E-06,0.99999
1787,0.99998,PTPRM,3.16E-21,1.98E-05
1788,8.74E-07,PTPRR,0.00075199,0.99925
1789,0.39251,PTPRU,3.47E-13,0.60749
1790,0.00042161,PTTG1,0.33708,0.6625
1791,0.0049827,PTTG1IP,0.099977,0.89504
1792,6.98E-05,PTX3,0.2482,0.75173
1793,0.94029,PURA,0.00021576,0.059497
1794,0.00069944,PWP2,1.25E-06,0.9993
1795,2.51E-07,PXDN,6.27E-08,1
1796,0.082342,PXN,7.75E-05,0.91758
1797,0.00019768,PYCARD,0.70242,0.29738
1798,0.0012566,RAB31,0.13433,0.86442
1799,0.98674,RAB3GAP2,4.11E-17,0.013261
1800,1.75E-10,RABGGTA,0.010303,0.9897
1801,0.76228,RAC1,0.0003474,0.23738
1802,0.0017041,RACGAP1,8.45E-06,0.99829
1803,NA,RACK1,NA,NA
1804,0.00012252,RAD1,0.1495,0.85038
1805,0.0569,RAD17,1.17E-06,0.9431
1806,1.58E-08,RAD18,0.15787,0.84213
1807,3.44E-27,RAD50,0.28401,0.71599
1808,2.08E-15,RAD51B,0.99581,0.0041915
1809,4.03E-06,RAD9A,0.16134,0.83865
1810,0.85295,RAF1,3.12E-08,0.14705
1811,0.14667,RALBP1,5.74E-06,0.85332
1812,3.03E-17,RALGAPA2,5.92E-09,1
1813,0.88814,RALGDS,3.06E-09,0.11186
1814,0.97576,RAN,2.29E-05,0.024215
1815,0.025531,RANGAP1,9.75E-05,0.97437
1816,0.62227,RAP1A,0.0014281,0.3763
1817,0.90995,RAP1B,0.00012515,0.089923
1818,0.96928,RAP1GAP2,5.74E-10,0.030724
1819,0.85068,RAP2A,0.0022579,0.14706
1820,0.99995,RAPGEF1,7.25E-17,4.61E-05
1821,1,RAPGEF2,2.31E-21,1.27E-06
1822,0.99218,RAPGEF4,6.71E-15,0.0078189
1823,0.98099,RAPGEF5,3.54E-11,0.01901
1824,0.96305,RARA,2.67E-06,0.036945
1825,0.99478,RARG,1.07E-07,0.0052163
1826,1,RASA1,1.86E-21,4.36E-08
1827,1.91E-10,RASA3,0.00038089,0.99962
1828,0.79641,RASAL2,2.58E-11,0.20359
1829,0.92073,RASGEF1B,1.52E-07,0.079272
1830,0.99999,RASGRF1,1.24E-18,8.66E-06
1831,0.0091132,RASGRP3,1.83E-05,0.99087
1832,4.93E-06,RASSF1,0.33698,0.66301
1833,5.06E-07,RASSF2,0.13848,0.86152
1834,1.73E-13,RASSF4,0.98479,0.015214
1835,0.043347,RASSF5,0.0051954,0.95146
1836,1,RB1,4.05E-22,2.33E-08
1837,1,RB1CC1,8.03E-26,2.61E-09
1838,1.14E-08,RBAK,0.065982,0.93402
1839,3.08E-12,RBBP8,0.0011834,0.99882
1840,0.99785,RBFOX3,6.11E-08,0.0021537
1842,2.93E-12,RBL1,0.0002569,0.99974
1843,1.72E-12,RBM19,0.00055194,0.99945
1844,0.98493,RBM47,2.92E-07,0.015073
1845,0.11929,RBMS1,4.12E-05,0.88067
1846,0.2128,RBMS3,1.36E-05,0.78718
1847,5.92E-06,RBP1,0.72704,0.27296
1848,0.99853,RBPJ,1.99E-10,0.0014688
1849,0.97173,RBPMS,3.35E-05,0.028239
1850,0.94689,RBX1,0.00016082,0.052953
1851,0.016675,RCAN1,0.087415,0.89591
1852,0.95567,RCC2,1.73E-07,0.044332
1853,0.066203,RCHY1,0.0026833,0.93111
1854,2.88E-05,RCN1,0.20504,0.79494
1855,0.85245,RDX,6.38E-09,0.14755
1856,3.17E-18,RECQL5,0.6191,0.3809
1857,1.35E-05,REG1A,0.59223,0.40775
1858,1,RELN,5.63E-50,4.25E-14
1859,1,RERE,2.68E-23,7.65E-09
1860,1,RET,5.51E-19,2.34E-07
1861,1,REV3L,1.34E-44,7.05E-16
1862,2.42E-06,RFTN1,0.083895,0.9161
1863,1,RFX3,6.59E-18,3.36E-07
1864,0.0048149,RGCC,0.29019,0.70499
1865,4.09E-09,RGS12,4.68E-06,1
1866,1.01E-05,RGS16,0.64488,0.35511
1867,0.96134,RGS19,7.28E-05,0.038583
1868,6.40E-05,RGS20,0.090488,0.90945
1869,0.63858,RHBDD2,0.0012369,0.36019
1870,0.0011919,RHBDF2,2.86E-06,0.99881
1871,0.98119,RHEB,1.23E-05,0.018795
1872,2.19E-06,RHEBL1,0.51201,0.48799
1873,0.60405,RHOA,0.0079369,0.38802
1874,0.00017569,RHOF,0.28674,0.71308
1875,0.42952,RHOG,0.029143,0.54133
1876,1,RICTOR,2.25E-31,1.89E-10
1877,0.9902,RIMS1,1.62E-19,0.0097979
1878,3.51E-07,RIN1,0.058935,0.94106
1879,0.00081408,RIN2,2.45E-05,0.99916
1880,4.28E-10,RIN3,0.061208,0.93879
1881,0.39282,RIPK2,1.49E-05,0.60717
1882,1.19E-14,RIPK3,0.97761,0.022389
1883,NA,RIPOR2,NA,NA
1884,0.00063244,RIT2,0.25232,0.74705
1885,0.57873,RNF11,0.0097407,0.41153
1886,6.35E-10,RNF144B,0.75862,0.24138
1887,0.00073035,RNF150,0.016391,0.98288
1888,4.91E-55,RNF213,6.71E-11,1
1889,2.26E-06,RNF216,1.60E-06,1
1890,0.99943,RNF8,4.79E-10,0.00056748
1891,3.80E-06,RNLS,0.17086,0.82913
1892,7.27E-16,ROBO1,3.69E-08,1
1893,1,ROCK1,1.39E-24,2.24E-07
1894,1,ROCK2,9.75E-23,2.47E-06
1895,0.99645,ROR1,3.46E-10,0.0035482
1896,0.00012401,ROR2,1.50E-05,0.99986
1897,0.40096,RORA,5.72E-07,0.59903
1898,1.62E-72,ROS1,1,1.47E-10
1899,0.08777,RPA1,5.78E-07,0.91223
1900,0.50461,RPA2,0.00075999,0.49463
1901,4.08E-31,RPGRIP1L,0.95902,0.040981
1902,0.90915,RPL10,0.00062447,0.09023
1903,0.95062,RPL13,0.00013399,0.049244
1904,NA,RPL39L,NA,NA
1905,0.92111,RPS19,0.00043598,0.078457
1906,0.68141,RPS24,0.0040046,0.31458
1907,0.91944,RPS27A,0.00045978,0.080103
1908,0.10011,RPS27L,0.11719,0.78271
1909,0.92,RPS3,9.24E-05,0.079904
1910,0.9759,RPS6,2.26E-05,0.024073
1911,0.0019056,RPS6KA1,7.20E-06,0.99809
1912,0.0094073,RPS6KA2,1.44E-07,0.99059
1913,0.99999,RPS6KA3,2.45E-14,5.10E-06
1914,0.99715,RPS6KA4,4.12E-11,0.0028531
1915,0.99909,RPS6KA5,1.26E-11,0.00091306
1916,0.97285,RPS6KB1,1.03E-08,0.027148
1917,5.96E-21,RPS6KB2,0.99957,0.00043136
1918,1,RPTOR,4.41E-28,8.31E-11
1919,0.004663,RRAS,0.10775,0.88759
1920,0.97463,RRAS2,2.56E-05,0.025341
1921,1,RREB1,2.59E-17,2.19E-06
1922,1,RRM1,4.49E-18,2.87E-07
1923,0.002357,RRM2B,0.0031366,0.99451
1924,9.44E-15,RSAD2,0.99724,0.0027562
1925,1,RSF1,1.14E-27,1.72E-11
1926,0.45318,RTN4,3.84E-07,0.54682
1927,8.97E-34,RTTN,0.00011886,0.99988
1928,0.65377,RUNX1,4.45E-05,0.34619
1929,0.94884,RUNX2,1.22E-06,0.05116
1930,0.84295,RUNX3,0.00010973,0.15694
1931,0.99902,RUVBL1,1.82E-09,0.00098216
1932,0.99852,RXRA,2.46E-08,0.0014818
1933,NA,RXYLT1,NA,NA
1934,0.98922,RYK,2.59E-08,0.010778
1935,0.99999,RYR2,1.50E-48,8.05E-06
1936,0.16843,S100A10,0.17731,0.65426
1937,0.0084662,S100A11,0.40591,0.58563
1938,5.84E-05,S100A2,0.84368,0.15626
1939,0.0061838,S100A4,0.47483,0.51899
1940,0.17565,S100A6,0.16815,0.6562
1941,0.4777,S100A9,0.076882,0.44541
1942,0.04387,S100B,0.27403,0.6821
1943,0.01493,SAA1,0.28127,0.7038
1944,2.70E-06,SAA2,0.90254,0.097461
1945,0.99958,SAMD4A,9.49E-12,0.00042136
1946,5.04E-11,SAMSN1,0.7948,0.2052
1947,0.001802,SASH1,1.31E-08,0.9982
1948,6.38E-10,SBF2,1.57E-12,1
1949,0.0070655,SBNO2,1.82E-09,0.99293
1950,1,SCAF11,7.53E-19,3.67E-06
1951,0.0087953,SCAPER,2.21E-12,0.9912
1952,2.98E-08,SCARA3,0.24217,0.75782
1953,0.066228,SCARB1,0.00011054,0.93366
1954,0.98715,SCHIP1,4.81E-06,0.012848
1955,8.61E-06,SCMH1,0.00068812,0.9993
1956,0.05103,SCN3B,0.019203,0.92977
1957,0.4049,SDC2,0.0078273,0.58728
1958,0.0041475,SDC4,0.12255,0.87331
1959,4.16E-06,SDK1,3.13E-15,1
1960,0.63264,SEC14L1,9.03E-08,0.36736
1961,7.91E-10,SELE,0.02766,0.97234
1962,5.04E-32,SELP,0.99998,1.72E-05
1963,0.1768,SELPLG,0.16674,0.65646
1964,0.00087445,SEMA3C,4.47E-06,0.99912
1965,0.00054103,SEMA4B,8.91E-06,0.99945
1966,0.97472,SEMA4D,1.75E-09,0.025282
1967,0.99976,SEMA6A,5.07E-13,0.00024383
1968,0.99579,9-Sep,1.29E-08,0.0042113
1969,8.83E-14,SERPINA3,0.99723,0.0027728
1970,6.24E-09,SERPINA5,0.92693,0.073067
1971,3.55E-08,SERPINB1,0.80758,0.19242
1972,0.0036486,SERPINB5,0.037432,0.95892
1973,2.51E-10,SERPIND1,0.92144,0.078559
1974,0.043609,SERPINE1,0.0051476,0.95124
1975,0.32037,SERTAD1,0.061364,0.61826
1976,0.8808,SERTAD2,0.0012548,0.11794
1977,0.00059629,SESN1,0.00093302,0.99847
1978,4.19E-07,SESN2,0.047018,0.95298
1979,0.36544,SFN,0.010515,0.62405
1980,0.99999,SFSWAP,5.68E-16,7.78E-06
1981,0.0023046,SGK1,0.00013363,0.99756
1982,8.56E-07,SGK3,0.0038003,0.9962
1983,0.94507,SGMS1,1.46E-06,0.054927
1984,0.96861,SH2B1,7.30E-08,0.031394
1985,1.49E-05,SH2B2,0.034637,0.96535
1986,0.00010289,SH2B3,0.011349,0.98855
1987,8.27E-07,SH2D2A,0.24525,0.75475
1988,0.010463,SH3BP1,7.38E-05,0.98946
1989,0.0025338,SH3BP4,0.00011656,0.99735
1990,0.04833,SH3BP5,0.0008976,0.95077
1991,0.010761,SH3RF1,1.43E-05,0.98923
1992,6.09E-35,SH3TC1,0.99999,8.72E-06
1993,8.43E-07,SHANK2,9.13E-11,1
1994,0.96874,SHB,1.77E-06,0.031262
1995,0.0017351,SHC1,0.00099193,0.99727
1996,0.98258,SHH,1.02E-05,0.017413
1997,0.31709,SHROOM3,1.53E-11,0.68291
1998,0.69866,SIAH1,0.00069999,0.30064
1999,6.84E-06,SIGLEC10,0.00019421,0.9998
2000,0.93716,SIK1,8.40E-08,0.062841
2001,0.99651,SIK2,2.75E-12,0.0034864
2002,1,SIK3,1.29E-21,3.76E-08
2003,0.012265,SIL1,0.0014227,0.98631
2004,1,SIPA1L1,1.32E-24,3.06E-08
2005,0.99215,SIPA1L2,2.77E-16,0.0078471
2006,0.67197,SIRPA,3.75E-05,0.32799
2007,0.087326,SIRT1,7.03E-05,0.9126
2008,2.33E-08,SIRT2,0.1048,0.8952
2009,0.039119,SIRT6,0.006072,0.95481
2010,0.025729,SIVA1,0.050525,0.92375
2011,1.82E-07,SKAP1,0.03269,0.96731
2012,0.99901,SKI,1.84E-09,0.00098548
2013,0.96042,SKP2,6.42E-07,0.039578
2014,0.34325,SLA,0.00053237,0.65622
2015,2.05E-11,SLC12A4,7.78E-05,0.99992
2016,5.31E-19,SLC12A8,0.98833,0.011672
2017,0.71036,SLC1A2,2.56E-05,0.28962
2018,0.98914,SLC1A3,1.31E-07,0.010863
2019,0.82731,SLC22A23,1.18E-06,0.17269
2020,0.00026907,SLC25A27,0.0029131,0.99682
2021,0.27886,SLC25A37,0.0043953,0.71674
2022,0.9941,SLC2A1,1.45E-07,0.0059044
2023,3.43E-08,SLC2A2,0.066487,0.93351
2024,4.71E-05,SLC2A4,0.0071218,0.99283
2025,0.00058122,SLC37A1,3.97E-05,0.99938
2026,3.60E-27,SLC44A3,0.99997,3.41E-05
2027,1.66E-06,SLC45A2,0.12786,0.87214
2028,0.98987,SLC6A6,4.50E-09,0.010129
2029,0.9957,SLC8A1,5.55E-10,0.004304
2030,0.79049,SLC9A1,4.08E-07,0.20951
2031,8.84E-05,SLC9A3R1,0.20354,0.79637
2032,0.38961,SLCO3A1,1.52E-05,0.61038
2033,0.75233,SLIT3,3.10E-15,0.24767
2034,0.37441,SLK,9.74E-12,0.62559
2035,0.00089665,SLPI,0.41494,0.58416
2036,1.79E-12,SLX4IP,0.9689,0.031101
2037,0.98803,SMAD1,8.18E-07,0.011968
2038,0.99661,SMAD2,1.53E-09,0.0033892
2039,0.79796,SMAD3,8.99E-06,0.20203
2040,0.99881,SMAD4,5.90E-10,0.0011907
2041,3.63E-20,SMAD6,0.99998,2.44E-05
2042,0.54854,SMAD7,0.00053813,0.45093
2043,1,SMARCA4,1.04E-33,1.10E-13
2044,1,SMC1A,7.46E-20,2.77E-08
2045,1,SMC3,2.79E-32,2.19E-13
2046,0.00019629,SMCO4,0.83483,0.16498
2047,0.001598,SMCR8,0.0011164,0.99729
2048,1,SMG1,7.71E-65,1.30E-25
2049,0.98164,SMG6,5.45E-14,0.018361
2050,4.28E-07,SMO,0.00042499,0.99957
2051,0.0094673,SMOC1,0.00042141,0.99011
2052,0.59429,SMPD3,1.52E-05,0.40569
2053,0.6118,SMURF1,4.44E-09,0.3882
2054,0.87235,SMURF2,1.78E-10,0.12765
2055,1.44E-07,SMYD3,0.044255,0.95574
2056,0.21754,SNAI1,0.0075913,0.77487
2057,0.79531,SNAI2,0.0011112,0.20358
2058,2.07E-05,SNAP47,0.092265,0.90771
2059,0.8829,SNCA,0.0011986,0.11591
2060,0.068062,SNCB,0.054501,0.87744
2061,0.98213,SND1,1.25E-12,0.01787
2062,0.99961,SNRK,9.25E-10,0.00038586
2063,0.00019763,SNRNP27,0.088952,0.91085
2064,0.0056417,SNTA1,0.004378,0.98998
2065,8.18E-05,SNX25,1.11E-06,0.99992
2066,0.58843,SNX30,7.88E-05,0.4115
2067,0.062391,SNX8,0.00060037,0.93701
2068,0.58544,SOCS1,0.03811,0.37645
2069,0.62999,SOCS2,0.0063788,0.36363
2070,0.74613,SOCS3,0.0094,0.24447
2071,1.42E-05,SOCS4,0.13909,0.8609
2072,0.54156,SOCS5,0.00011539,0.45832
2073,0.98865,SOCS6,3.55E-06,0.011348
2074,0.99807,SOCS7,1.92E-09,0.00193
2075,0.15499,SOD2,0.014619,0.83039
2076,0.00072272,SOD3,0.46176,0.53752
2077,1.53E-12,SORBS1,2.21E-07,1
2078,0.035916,SORBS2,4.00E-09,0.96408
2079,8.23E-12,SORBS3,0.0069404,0.99306
2080,0.0031696,SORCS2,5.79E-09,0.99683
2081,1,SOS1,3.17E-25,4.59E-09
2082,0.70662,SOX2,0.0031244,0.29026
2083,0.99984,SOX6,1.73E-13,0.00015679
2084,0.99772,SOX9,7.01E-08,0.0022783
2085,0.99997,SP1,1.21E-12,2.53E-05
2086,6.79E-09,SP140L,0.0065727,0.99343
2087,0.99721,SP2,2.34E-08,0.0027948
2088,0.99995,SP3,1.31E-12,5.04E-05
2089,1,SPAG9,7.51E-25,6.54E-09
2090,0.55833,SPATS2L,2.04E-05,0.44165
2091,0.85887,SPECC1L,4.69E-11,0.14113
2092,0.98206,SPI1,1.09E-05,0.017927
2093,0.91231,SPIB,0.0001169,0.087573
2094,2.38E-17,SPIDR,0.89448,0.10552
2095,0.042486,SPIRE1,1.84E-06,0.95751
2096,0.82592,SPOCK1,5.96E-06,0.17408
2097,2.15E-06,SPP1,0.71317,0.28683
2098,0.0030398,SPRY1,0.16842,0.82854
2099,0.0004821,SPRY4,0.30832,0.6912
2100,1,SPTBN1,8.32E-43,2.78E-16
2101,NA,SQOR,NA,NA
2102,0.00086035,SQSTM1,0.013058,0.98608
2103,0.99691,SRC,6.02E-09,0.003086
2104,0.97545,SRF,4.79E-06,0.024544
2105,0.69656,SRGN,0.015462,0.28798
2106,1.91E-05,SRPK1,4.44E-05,0.99994
2107,0.99777,SSBP2,2.74E-09,0.002235
2108,0.99968,SSBP3,2.42E-11,0.00032098
2109,0.00033003,SSH1,3.67E-06,0.99967
2110,0.44416,SSTR2,0.0058413,0.55
2111,0.58269,ST3GAL1,0.00040761,0.41691
2112,0.9417,ST3GAL2,8.39E-06,0.058293
2113,0.2341,ST6GAL1,0.0013381,0.76456
2114,0.99703,ST7,2.25E-10,0.0029717
2115,1,STAG1,5.45E-27,4.49E-10
2116,0.85048,STAM,7.98E-07,0.14952
2117,1.04E-05,STAM2,0.0025755,0.99741
2118,2.35E-08,STARD13,4.59E-05,0.99995
2119,0.7662,STAT4,9.34E-10,0.2338
2120,0.99994,STAT5A,1.40E-14,5.59E-05
2121,0.98849,STAT6,1.03E-11,0.011514
2122,5.32E-09,STEAP3,0.77097,0.22903
2123,1.28E-14,STK10,0.0051641,0.99484
2124,0.9934,STK11,1.90E-07,0.0065964
2125,0.040434,STK17A,0.0011824,0.95838
2126,0.011293,STK24,0.00032577,0.98838
2127,6.20E-07,STK3,0.028085,0.97191
2128,0.00076687,STK38,0.00065031,0.99858
2129,0.99916,STK39,5.09E-11,0.00083922
2130,0.99624,STK40,4.83E-08,0.0037631
2131,0.0024144,STOML2,0.0030303,0.99456
2132,0.0010128,STRADB,0.0021464,0.99684
2133,0.9785,STX1A,3.45E-06,0.021496
2134,1,STXBP1,1.52E-14,4.19E-06
2135,0.99956,STXBP5,1.48E-16,0.0004414
2136,7.87E-05,STXBP6,0.22495,0.77497
2137,0.89245,SUB1,0.00096238,0.10659
2138,2.82E-09,SUGCT,0.26891,0.73109
2139,0.45272,SUGT1,4.65E-05,0.54723
2140,0.010585,SULF2,1.22E-07,0.98941
2141,0.86128,SUMO1,0.0018618,0.13686
2142,2.17E-13,SUSD1,0.16856,0.83144
2143,0.00086302,SVIL,3.60E-17,0.99914
2144,0.99986,SYK,3.15E-12,0.00013905
2145,3.19E-52,SYNE1,8.49E-54,1
2146,1.65E-25,SYNE2,9.61E-48,1
2147,0.60038,SYT1,7.12E-05,0.39955
2148,9.89E-25,SYT8,1,4.92E-06
2149,3.22E-07,TAB1,0.065495,0.9345
2150,0.99998,TAB2,7.28E-13,2.05E-05
2151,0.61714,TAB3,1.25E-05,0.38284
2152,5.49E-05,TACC1,4.82E-05,0.9999
2153,4.82E-24,TACC2,3.94E-06,1
2154,1,TAF1,4.29E-28,1.15E-11
2155,7.98E-15,TAF1B,0.61171,0.38829
2156,0.08527,TAGLN,0.039221,0.87551
2157,0.5659,TAL1,0.010776,0.42333
2158,2.16E-05,TANC1,2.11E-11,0.99998
2159,0.99787,TAOK1,1.38E-15,0.0021269
2160,0.99976,TAOK2,4.23E-15,0.00024454
2161,0.99975,TAOK3,4.63E-15,0.00025384
2162,1.21E-07,TAX1BP1,0.00010722,0.99989
2163,1.86E-13,TBC1D1,0.00011188,0.99989
2164,0.039267,TBC1D14,2.08E-06,0.96073
2165,1.44E-08,TBC1D2B,0.00045938,0.99954
2166,8.60E-20,TBC1D31,0.066922,0.93308
2167,8.47E-24,TBC1D4,0.51863,0.48137
2168,4.64E-18,TBC1D5,0.54719,0.45281
2169,0.16004,TBCA,0.059353,0.7806
2170,0.99995,TBL1XR1,6.08E-12,4.91E-05
2171,0.015031,TBP,0.0010561,0.98391
2172,0.99636,TBX21,4.46E-08,0.0036418
2173,1.41E-20,TBXAS1,0.99862,0.0013799
2174,0.58578,TCEAL1,0.038017,0.3762
2175,0.67602,TCF12,6.04E-08,0.32398
2176,0.99981,TCF4,2.69E-13,0.00018809
2177,0.0053732,TCF7,0.0046949,0.98993
2178,0.99537,TCF7L2,6.63E-10,0.0046282
2179,9.16E-11,TDGF1,0.98799,0.012007
2180,1.27E-17,TDP1,0.92633,0.073672
2181,0.9998,TEAD1,1.84E-10,0.00019887
2182,1.52E-06,TEAD2,0.0081311,0.99187
2183,0.99362,TEAD3,3.55E-08,0.0063792
2184,3.23E-05,TEAD4,0.012085,0.98788
2185,5.36E-08,TEC,0.00034358,0.99966
2186,1,TEK,9.45E-19,2.09E-06
2187,1,TENM4,6.63E-31,1.10E-09
2188,NA,PAPD7,NA,NA
2189,0.90655,TERF1,5.66E-06,0.093441
2190,0.99237,TERF2,5.49E-08,0.0076268
2191,0.99255,TESK1,1.05E-08,0.0074464
2192,0.98964,TFAP2A,5.74E-07,0.010358
2193,0.92204,TFAP2C,1.75E-05,0.07794
2194,0.97174,TFDP1,1.37E-06,0.028255
2195,0.89931,TFEB,6.86E-06,0.10069
2196,0.00088929,TFF1,0.63894,0.36017
2197,0.01591,TFF3,0.26788,0.71621
2198,0.00084274,TFPI2,0.19807,0.80109
2199,2.88E-59,TG,0.99867,0.0013303
2200,0.71981,TGFA,0.0027262,0.27747
2201,0.027032,TGFB1I1,0.000442,0.97253
2202,0.99905,TGFB2,8.36E-09,0.0009524
2203,5.97E-08,TGFBI,0.007069,0.99293
2204,0.0030577,TGFBR3,3.64E-06,0.99694
2205,0.010454,TGIF1,0.039857,0.94969
2206,6.81E-18,TGM2,0.97292,0.027081
2207,1.69E-06,TH,0.007032,0.99297
2208,4.62E-41,THADA,0.99794,0.0020642
2209,NA,THAP12,NA,NA
2210,0.99985,THBS1,1.29E-15,0.0001501
2211,4.81E-07,THSD4,2.98E-06,1
2212,1,THSD7A,2.23E-26,5.65E-07
2213,0.95662,TIAM1,3.81E-15,0.043382
2214,3.24E-05,TIAM2,5.84E-11,0.99997
2215,0.0025936,TICAM2,0.013174,0.98423
2216,1.24E-19,TIE1,0.15354,0.84646
2217,0.4993,TIMP1,0.017778,0.48292
2218,0.63037,TIMP3,0.0013304,0.3683
2219,3.24E-11,TJP2,8.19E-06,0.99999
2220,0.006748,TKT,0.00013968,0.99311
2221,0.99922,TLE1,8.48E-12,0.00077501
2222,0.99999,TLE4,2.20E-15,7.03E-06
2223,0.99999,TLK1,2.83E-16,5.84E-06
2224,1,TLN1,1.39E-42,9.13E-15
2225,0.99231,TLN2,1.24E-24,0.0076917
2226,5.87E-23,TLR1,0.99997,2.83E-05
2227,3.48E-09,TLR10,0.22728,0.77272
2228,1.02E-06,TLR2,0.062658,0.93734
2229,4.61E-09,TLR4,0.17681,0.82319
2230,2.48E-13,TLR5,0.96406,0.035935
2231,2.25E-05,TLR6,0.019936,0.98004
2232,0.97912,TLR7,6.50E-07,0.020881
2233,0.32401,TLR8,0.00012574,0.67586
2234,9.81E-06,TLR9,0.0028048,0.99719
2235,0.91273,TMEM204,0.0005635,0.086705
2236,7.13E-05,TMEM217,0.48139,0.51853
2237,0.0031923,TMEM30A,0.0098432,0.98696
2238,0.022549,TMTC2,4.81E-06,0.97745
2239,0.0044014,TMX3,0.00025941,0.99534
2240,1.26E-07,TNC,2.35E-12,1
2241,0.8033,TNF,0.00099505,0.19571
2242,0.38452,TNFAIP8,0.039701,0.57578
2243,0.5379,TNFAIP8L1,0.052774,0.40932
2244,5.07E-15,TNFRSF10A,0.99292,0.0070804
2245,0.00019928,TNFRSF10B,0.021183,0.97862
2246,3.16E-06,TNFRSF10C,0.80366,0.19634
2247,3.00E-08,TNFRSF10D,0.47814,0.52186
2248,0.16171,TNFRSF11B,0.00057538,0.83772
2249,0.50201,TNFRSF1B,0.00015738,0.49783
2250,0.040615,TNFRSF21,0.0011743,0.95821
2251,0.0086475,TNFRSF25,0.00048084,0.99087
2252,0.86407,TNFRSF8,1.25E-07,0.13593
2253,0.13495,TNFSF10,0.0039428,0.86111
2254,0.98193,TNFSF13B,1.11E-05,0.018059
2255,0.049378,TNFSF4,0.24829,0.70233
2256,0.75809,TNFSF8,0.0017797,0.24013
2257,1,TNIK,8.48E-26,3.68E-08
2258,0.47559,TNIP1,3.24E-07,0.52441
2259,0.0015926,TNIP2,0.0054855,0.99292
2260,0.01544,TNIP3,0.00020585,0.98435
2261,8.22E-12,TNK2,0.0069494,0.99305
2262,0.082629,TNKS1BP1,2.17E-10,0.91737
2263,0.096284,TNNI3,0.0070649,0.89665
2264,1,TNRC6B,2.83E-27,9.12E-09
2265,0.059861,TNS1,3.03E-12,0.94014
2266,1,TNS3,5.87E-19,3.31E-06
2267,0.081141,TOLLIP,0.0093513,0.90951
2268,1,TOP1,9.64E-21,1.20E-08
2269,1,TOPBP1,1.41E-27,6.95E-11
2270,0.031987,TOX2,0.0016889,0.96632
2271,1.30E-05,TP53AIP1,0.87375,0.12624
2272,0.99985,TP53BP1,3.40E-21,0.00014629
2273,0.0025482,TP53BP2,7.94E-09,0.99745
2274,5.95E-11,TP53I3,0.96574,0.034257
2275,0.00046552,TP53INP1,0.31577,0.68376
2276,0.00077469,TP53RK,0.44678,0.55244
2277,4.44E-07,TP53TG5,0.60623,0.39377
2278,0.99728,TP63,3.68E-11,0.0027237
2279,0.99696,TP73,1.17E-09,0.0030391
2280,0.003978,TPCN1,2.06E-08,0.99602
2281,8.49E-05,TPD52,0.21085,0.78906
2282,1.49E-05,TPD52L1,0.33812,0.66186
2283,1.94E-10,TPRG1,0.96438,0.035617
2284,0.099502,TRADD,0.0066872,0.89381
2285,0.0035639,TRAF1,0.0084255,0.98801
2286,0.99979,TRAF2,2.05E-10,0.00020792
2287,0.93602,TRAF4,2.15E-06,0.06398
2288,1.67E-12,TRAF5,0.65001,0.34999
2289,0.99739,TRAF6,1.98E-08,0.0026125
2290,2.29E-14,TRAPPC9,0.00045722,0.99954
2291,0.00089084,TRH,0.18833,0.81078
2292,0.056508,TRIAP1,0.21995,0.72355
2293,1.16E-13,TRIB3,0.99675,0.0032549
2294,3.35E-09,TRIM21,0.47073,0.52927
2295,1,TRIM24,2.43E-20,6.49E-08
2296,0.0041202,TRIM25,0.00028538,0.99559
2297,1,TRIM28,3.27E-15,2.23E-06
2298,6.90E-14,TRIM55,0.8832,0.1168
2299,0.00013625,TRIM56,0.035302,0.96456
2300,2.57E-09,TRIM69,0.52621,0.47379
2301,1,TRIO,1.49E-48,4.46E-16
2302,0.0032632,TRIP6,0.0019673,0.99477
2303,0.012904,TRPC1,2.22E-06,0.98709
2304,2.72E-10,TRPM6,4.43E-14,1
2305,1,TRPS1,9.74E-17,1.02E-06
2306,1.01E-16,TRPV1,0.87302,0.12698
2307,2.24E-16,TRPV4,0.80389,0.19611
2308,1,TSC1,8.07E-20,1.06E-07
2309,1,TSC2,1.54E-32,6.39E-13
2310,0.4339,TSC22D3,0.028271,0.53783
2311,3.04E-15,TSHR,0.96296,0.037041
2312,9.63E-07,TSNARE1,0.015423,0.98458
2313,0.97908,TSPAN14,3.23E-06,0.020919
2314,0.059759,TSPAN3,0.015122,0.92512
2315,0.65913,TSPAN9,0.0010259,0.33985
2316,0.00013409,TSSK1B,0.57884,0.42103
2317,2.55E-06,TTC1,0.24268,0.75731
2318,0.99998,TTC7B,8.41E-16,1.76E-05
2319,0.0012734,TTK,1.07E-07,0.99873
2320,0.0031466,TUB,8.53E-05,0.99677
2321,0.0074331,TUBA1C,0.014151,0.97842
2322,0.97889,TUBB,3.30E-06,0.021102
2323,1.23E-12,TUBGCP5,3.68E-05,0.99996
2324,3.46E-06,TUSC3,0.054384,0.94561
2325,0.34491,TWIST1,0.051962,0.60313
2326,8.57E-09,TXK,0.0047211,0.99528
2327,0.20119,TXN,0.039899,0.75891
2328,0.15918,TXNIP,0.00059288,0.84023
2329,1.61E-06,TXNRD1,0.0015484,0.99845
2330,0.72247,TYMS,0.00011098,0.27742
2331,8.33E-10,TYRO3,0.001121,0.99888
2332,0.20238,TYROBP,0.039465,0.75815
2333,6.56E-25,TYRP1,0.99999,7.44E-06
2334,0.59849,UBA52,0.0083074,0.39321
2335,0.016904,UBB,0.25533,0.72776
2336,0.14161,UBC,0.0036138,0.85478
2337,0.92267,UBE2F,8.47E-05,0.07725
2338,0.94063,UBE2H,4.33E-05,0.059322
2339,0.96496,UBE2I,5.70E-05,0.034978
2340,0.83844,UBE2L3,0.002779,0.15878
2341,0.88156,UBE2N,0.0012342,0.1172
2342,0.0054862,UBR1,6.10E-17,0.99451
2343,1,UBR3,1.77E-30,6.17E-11
2344,NA,UHRF1,NA,NA
2345,8.28E-07,UIMC1,0.00016468,0.99983
2346,0.99318,ULK1,2.87E-12,0.0068229
2347,1.88E-08,ULK2,2.60E-06,1
2348,0.0008813,UNC5C,8.94E-07,0.99912
2349,0.92929,UNC5D,9.39E-10,0.070706
2350,0.00037588,UPP1,0.1482,0.85143
2351,3.20E-08,UQCC1,0.22865,0.77135
2352,0.023545,USF1,0.00054351,0.97591
2353,0.99253,USF2,2.58E-07,0.0074694
2354,0.99691,USP1,1.23E-09,0.0030942
2355,0.99411,USP10,2.41E-10,0.0058875
2356,1,USP34,1.79E-68,4.13E-25
2357,1.61E-09,USP4,1.79E-05,0.99998
2358,2.95E-35,USP6,0.9923,0.0077019
2359,1,USP7,2.58E-30,2.71E-12
2360,1,USP9X,9.18E-37,6.10E-15
2361,0.43933,UST,0.00025431,0.56041
2362,0.99983,UTP14A,2.45E-11,0.00016751
2363,1.00E-19,UTRN,8.03E-25,1
2364,0.98942,UVRAG,1.01E-09,0.010582
2365,0.18554,VAC14,7.39E-07,0.81446
2366,0.94665,VASP,1.36E-06,0.053344
2367,0.99993,VAV1,1.71E-16,6.55E-05
2368,3.11E-06,VAV2,2.04E-07,1
2369,8.45E-14,VAV3,0.00034652,0.99965
2370,0.79791,VCAM1,1.82E-06,0.20209
2371,1,VCAN,2.59E-28,4.71E-08
2372,0.046788,VCL,2.66E-09,0.95321
2373,0.99999,VCP,1.31E-14,7.60E-06
2374,1.68E-05,VDR,0.029646,0.97034
2375,2.41E-05,VEGFA,0.018168,0.98181
2376,1.31E-09,VEGFB,0.97031,0.029694
2377,0.49565,VEGFC,0.00016531,0.50418
2378,2.30E-22,VEPH1,0.99676,0.0032358
2379,0.072826,VGLL4,0.04949,0.87768
2380,0.079515,VHL,0.043535,0.87695
2381,0.71255,VIM,2.50E-05,0.28742
2382,0.00041995,VIP,0.33794,0.66164
2383,0.96271,VMP1,5.54E-07,0.037294
2384,0.32523,VOPP1,0.014274,0.6605
2385,9.31E-22,VPS13A,1.96E-18,1
2386,1.07E-06,VPS13D,4.85E-31,1
2387,2.41E-16,VPS33B,0.41849,0.58151
2388,1.40E-07,VPS53,1.75E-05,0.99998
2389,5.11E-08,VPS8,8.56E-12,1
2390,0.0021149,VRK1,0.0007463,0.99714
2391,1.57E-11,VRK2,0.42794,0.57206
2392,1.50E-10,VTN,0.42064,0.57936
2393,2.60E-29,VWA5A,0.99999,1.33E-05
2394,3.22E-25,VWF,1.09E-10,1
2395,0.30288,WARS,0.0001493,0.69697
2396,0.99757,WASF1,1.65E-08,0.002427
2397,0.97567,WASF2,9.49E-07,0.024329
2398,0.87654,WASL,2.37E-06,0.12345
2399,1,WDFY3,2.23E-66,2.17E-25
2400,0.99973,WEE1,7.82E-11,0.0002697
2401,1,WNK1,1.09E-34,2.22E-12
2402,6.88E-25,WNK4,0.98011,0.019887
2403,0.3263,WNT1,0.0029841,0.67072
2404,0.96491,WNT3A,1.16E-05,0.035081
2405,0.98732,WNT5A,9.42E-07,0.012675
2406,2.64E-34,WRN,0.97217,0.027833
2407,0.99648,WT1,8.30E-09,0.0035204
2408,0.00039438,WWC1,9.63E-10,0.99961
2409,0.93914,WWTR1,9.35E-06,0.060851
2410,6.82E-12,XAF1,0.98148,0.018524
2411,7.87E-05,XPA,0.070907,0.92901
2412,3.69E-11,XPC,0.0040103,0.99599
2413,1,XPO1,4.81E-24,5.28E-10
2414,0.99999,XRCC5,9.93E-16,5.08E-06
2415,0.99904,XRCC6,3.52E-10,0.00096318
2416,0.0013246,XXYLT1,0.12707,0.8716
2417,0.92418,XYLT1,5.54E-09,0.075821
2418,0.99918,YAP1,1.18E-09,0.00082253
2419,8.06E-06,YBX3,0.075503,0.92449
2420,4.01E-05,YES1,0.00037388,0.99959
2421,0.98314,YWHAB,9.36E-06,0.016848
2422,0.98479,YWHAE,7.27E-06,0.0152
2423,0.964,YWHAG,6.10E-05,0.035935
2424,0.78366,YWHAH,0.0012971,0.21505
2425,0.69755,YWHAQ,0.00070791,0.30175
2426,0.93965,YWHAZ,4.52E-05,0.060303
2427,0.9938,YY1,8.07E-07,0.0061988
2428,0.99907,ZBTB16,1.60E-09,0.00093147
2429,0.97382,ZBTB20,2.30E-07,0.026176
2430,0.34362,ZBTB7B,0.00053082,0.65585
2431,0.16087,ZBTB7C,0.0028528,0.83627
2432,2.32E-05,ZC3HAV1,3.37E-05,0.99994
2433,0.99376,ZCCHC2,5.63E-11,0.0062391
2434,0.7151,ZDHHC14,2.43E-05,0.28488
2435,1,ZEB2,2.69E-17,5.99E-07
2436,0.013918,ZFP1,0.0057773,0.98031
2437,3.85E-07,ZFP30,0.052416,0.94758
2438,0.75244,ZFP36,0.0019015,0.24566
2439,0.67406,ZFP36L1,0.0042935,0.32165
2440,1,ZFPM2,7.04E-16,4.41E-06
2441,0.90244,ZFYVE9,1.78E-11,0.097557
2442,0.00019034,ZMAT3,0.092903,0.90691
2443,0.99937,ZMIZ1,4.30E-14,0.0006336
2444,1,ZMYND8,4.19E-21,6.08E-08
2445,0.021156,ZNF107,0.4399,0.53895
2446,0.0092003,ZNF112,1.80E-05,0.99078
2447,0.0067173,ZNF114,0.45689,0.53639
2448,0.039662,ZNF12,5.00E-05,0.96029
2449,0.010911,ZNF124,0.3495,0.63959
2450,1.17E-06,ZNF140,0.79092,0.20908
2451,0.99997,ZNF148,2.52E-12,3.42E-05
2452,6.62E-07,ZNF155,0.91748,0.08252
2453,9.67E-06,ZNF157,0.43256,0.56743
2454,9.60E-12,ZNF169,0.91811,0.081894
2455,1.27E-07,ZNF175,0.052136,0.94786
2456,9.47E-13,ZNF181,0.95899,0.041011
2457,0.0036775,ZNF184,6.81E-05,0.99625
2458,4.31E-06,ZNF19,0.36594,0.63406
2459,1.80E-06,ZNF200,0.31471,0.68529
2460,0.032326,ZNF205,0.00033747,0.96734
2461,0.00053339,ZNF222,0.52555,0.47391
2462,5.24E-15,ZNF226,0.90422,0.09578
2463,9.25E-11,ZNF227,0.10078,0.89922
2464,1.08E-07,ZNF23,0.20866,0.79134
2465,0.083152,ZNF230,0.14694,0.76991
2466,3.38E-10,ZNF235,0.24786,0.75214
2467,4.08E-05,ZNF25,0.039922,0.96004
2468,1.83E-12,ZNF251,0.94002,0.059977
2469,0.00050407,ZNF254,0.53703,0.46246
2470,5.46E-10,ZNF263,0.16199,0.83801
2471,0.017108,ZNF267,0.25287,0.73002
2472,6.33E-14,ZNF268,0.41659,0.58341
2473,0.027091,ZNF273,0.16653,0.80637
2474,0.16317,ZNF282,2.32E-05,0.83681
2475,0.00019368,ZNF302,0.091059,0.90875
2476,1.21E-08,ZNF311,0.061237,0.93876
2477,0.97927,ZNF331,3.16E-06,0.020727
2478,7.79E-18,ZNF333,0.98471,0.015285
2479,0.0036778,ZNF337,0.34815,0.64817
2480,1.88E-06,ZNF33B,0.0060303,0.99397
2481,0.0053489,ZNF343,0.26832,0.72634
2482,5.64E-06,ZNF354A,0.0061594,0.99384
2483,0.00046761,ZNF365,0.0064515,0.99308
2484,0.90568,ZNF367,0.00014104,0.094182
2485,0.65437,ZNF385D,0.00021821,0.34541
2486,0.14568,ZNF398,0.00014182,0.85418
2487,1,ZNF407,8.80E-26,3.79E-10
2488,0.035083,ZNF41,0.0014684,0.96345
2489,0.0067514,ZNF417,0.45579,0.53746
2490,1.00E-09,ZNF418,0.90844,0.091559
2491,0.0053294,ZNF419,0.26907,0.7256
2492,3.32E-05,ZNF425,0.63089,0.36907
2493,0.68181,ZNF460,0.017687,0.3005
2494,0.00031512,ZNF490,0.40064,0.59904
2495,0.99624,ZNF496,9.72E-09,0.0037566
2496,8.49E-08,ZNF510,0.085263,0.91474
2497,0.0075723,ZNF519,0.43061,0.56181
2498,5.36E-05,ZNF529,0.027792,0.97215
2499,5.02E-12,ZNF546,0.20203,0.79797
2500,3.62E-07,ZNF550,0.89003,0.10997
2501,1.08E-07,ZNF567,0.20851,0.79149
2502,2.78E-05,ZNF585A,0.0030993,0.99687
2503,0.0049175,ZNF589,0.28576,0.70932
2504,1.83E-13,ZNF596,0.98426,0.015744
2505,2.13E-07,ZNF599,0.10636,0.89364
2506,0.99999,ZNF608,2.90E-16,5.91E-06
2507,0.00081785,ZNF613,0.0029137,0.99627
2508,2.36E-05,ZNF619,0.078977,0.921
2509,0.000119,ZNF630,0.15392,0.84596
2510,0.15423,ZNF655,0.00062924,0.84514
2511,0.001452,ZNF669,0.30999,0.68856
2512,0.00034522,ZNF670,0.60985,0.3898
2513,0.42,ZNF680,0.031127,0.54887
2514,0.41789,ZNF689,0.00029937,0.58181
2515,4.35E-06,ZNF713,0.14963,0.85037
2516,0.094789,ZNF721,0.31497,0.59024
2517,0.65205,ZNF746,9.14E-06,0.34794
2518,8.24E-05,ZNF764,0.21654,0.78338
2519,0.99998,ZNF777,4.33E-13,1.66E-05
2520,7.13E-06,ZNF778,0.70028,0.29972
2521,4.22E-10,ZNF782,0.43816,0.56184
2522,2.35E-12,ZNF786,0.76282,0.23718
2523,0.0069622,ZNF79,0.0032355,0.9898
2524,0.016971,ZNF8,0.0043283,0.9787
2525,0.55402,ZNF81,0.00051498,0.44546
2526,NA,ZNF84,NA,NA
2527,NA,ZNF860,NA,NA
2528,0.081539,ZNF878,0.1503,0.76816
2529,5.67E-07,ZNF879,0.1231,0.8769
2530,0.90588,ZNRF1,0.00068339,0.093435
2531,4.45E-08,ZPLD1,0.17013,0.82987
2532,1,ZSWIM6,2.38E-18,1.15E-07