Table S3: IEI Candidate Genes with Average in all Immune Cells > 1 TPM Filter,Gene,mean
1,A2M,0.2
2,AAK1,1.172222222
3,ABCA7,2.4
4,ABCB1,4.477777778
5,ABCB9,0.461111111
6,ABCC1,0.466666667
7,ABCC4,0.9
8,ABI1,61.95555556
9,ABL1,0.544444444
10,ABL2,0.35
11,ABLIM1,31.12777778
12,ACER3,0.766666667
13,ACP1,75.18888889
14,ACPP,13.03888889
15,ACSL5,19.89444444
16,ACTA1,12.50555556
17,ACTA2,12.06666667
18,ACTN1,42.61111111
19,ACTR2,130.1833333
20,ACVR1,1.688888889
21,ACVR1B,0.783333333
22,ACVRL1,0.161111111
23,ADAM15,9.111111111
24,ADAM19,25.14444444
25,ADAR,9.977777778
26,ADCY7,6.511111111
27,ADD2,0.388888889
28,ADD3,66.6
29,ADORA2B,1.8
30,ADRB2,24.17777778
31,AEBP2,3.4
32,AEN,6.244444444
33,AFDN,0.194444444
34,AFF1,9.138888889
35,AFF3,6.133333333
36,AGAP1,0.138888889
37,AGFG2,0.811111111
38,AHI1,4.511111111
39,AHNAK,25.38333333
40,AHSA1,62.27222222
41,AIFM1,14.51111111
42,AIFM2,1.011111111
43,AIM2,10.88333333
44,AKAP12,1.483333333
45,AKAP13,83.76111111
46,AKAP6,0.322222222
47,AKAP8,4.377777778
48,AKT1,10.64444444
49,AKT1S1,0.727777778
50,AKT2,2.238888889
51,AKT3,0.416666667
52,ALCAM,3.45
53,ALDH1A2,1.411111111
54,ALDH1A3,0.033333333
55,ALOX5,38.81666667
56,ALOX5AP,1144.688889
57,ALPL,13.87777778
58,AMBRA1,2.205555556
59,AMOT,0.055555556
60,AMOTL1,0.072222222
61,AMPD3,4.461111111
62,ANGPT1,0.45
63,ANGPT2,0.266666667
64,ANK3,1.538888889
65,ANKRD11,3.388888889
66,ANKRD28,0.883333333
67,ANKRD44,23.16111111
68,ANKS1B,1.205555556
69,ANO6,2.583333333
70,ANP32A,19.40555556
71,ANXA1,553.7777778
72,ANXA2,1123.561111
73,ANXA4,22.90555556
74,AP3S2,7.988888889
75,APAF1,8.594444444
76,APBB1,18.21666667
77,APC,2.872222222
78,APEX1,87.82222222
79,APH1A,8.027777778
80,APOBEC3D,4.166666667
81,APOBEC3F,9.144444444
82,APOL4,0.222222222
83,APOL6,4.322222222
84,APP,3.383333333
85,AR,0.105555556
86,ARAF,36.84444444
87,AREG,1.227777778
88,ARFGAP1,4.377777778
89,ARHGAP1,25.77222222
90,ARHGAP10,3.411111111
91,ARHGAP12,2.25
92,ARHGAP15,94.6
93,ARHGAP22,0.133333333
94,ARHGAP24,5.277777778
95,ARHGAP25,133.4111111
96,ARHGAP26,2.85
97,ARHGAP31,1.194444444
98,ARHGAP32,0.138888889
99,ARHGAP35,0.272222222
100,ARHGAP42,0.05
101,ARHGAP5,3.3
102,ARHGAP6,0.033333333
103,ARHGDIB,2674.311111
104,ARHGEF10L,2.533333333
105,ARHGEF12,0.05
106,ARHGEF2,12.75555556
107,ARHGEF3,38.26111111
108,ARHGEF6,15.42222222
109,ARHGEF7,7.327777778
110,ARID1A,1.477777778
111,ARID1B,3.288888889
112,ARID3A,1.083333333
113,ARID5B,9.827777778
114,ARIH2,27.63888889
115,ARNTL,13.28333333
116,ARRB1,24.31111111
117,ARRB2,70.76111111
118,ARRDC4,0.45
119,ARSG,5.75
120,ARVCF,0.005555556
121,ASAP1,1.638888889
122,ASCC3,3.388888889
123,ASH2L,20.37777778
124,ATF1,17.73888889
125,ATF2,16.90555556
126,ATF3,0.9
127,ATF4,25.41666667
128,ATG4C,13.75555556
129,ATG7,34.58888889
130,ATL1,2.116666667
131,ATP11C,0.572222222
132,ATP13A1,2.905555556
133,ATP2A2,0.35
134,ATP6V0A1,4.894444444
135,ATP8B4,1.188888889
136,ATR,1.511111111
137,ATRIP,0.45
138,ATXN1,0.311111111
139,AURKA,1.972222222
140,AURKB,0.916666667
141,AUTS2,1.461111111
142,AXIN1,2.716666667
143,AXL,2.555555556
144,B3GAT3,16.91111111
145,BACE1,1.466666667
146,BACH1,22.17777778
147,BAD,54.45
148,BAG1,16.23888889
149,BAG3,0.733333333
150,BAK1,34.47777778
151,BANP,22.32222222
152,BARD1,4.894444444
153,BAX,8.2
154,BBC3,0.544444444
155,BCAP31,423.5444444
156,BCAR3,0.3
157,BCAS3,13.07777778
158,BCAT1,1.616666667
159,BCL11A,87.56666667
160,BCL2,1.85
161,BCL2A1,62.58888889
162,BCL2L1,20.17222222
163,BCL2L11,2.611111111
164,BCL2L14,0.072222222
165,BCL3,1.966666667
166,BCL6,21.71111111
167,BCOR,3.272222222
168,BCR,0.8
169,BDKRB2,0.005555556
170,BECN1,104.7444444
171,BHLHE40,16.85
172,BID,234.3777778
173,BIK,10.45555556
174,BIN1,97.27222222
175,BIRC2,32.5
176,BIRC3,16.85555556
177,BIRC5,1.422222222
178,BLK,16.06666667
179,BLVRA,87.13888889
180,BMI1,3.705555556
181,BMP2,0.022222222
182,BMP4,0.333333333
183,BMPR1B,0.027777778
184,BMPR2,0.433333333
185,BMX,0.3
186,BNC2,0.194444444
187,BNIP3,11.75555556
188,BNIP3L,101.7388889
189,BORA,2.466666667
190,BRAF,1.5
191,BRD8,12.12777778
192,BST1,42.18333333
193,BST2,186.0777778
194,BTBD1,2.705555556
195,BTC,0.005555556
196,BTG1,242.1111111
197,BTG2,17.89444444
198,BTG3,6.861111111
199,BTN2A1,12.65
200,BTN2A2,8.905555556
201,BTN3A1,22.41666667
202,BTN3A2,64.66111111
203,BTRC,1.972222222
204,BUB1,0.516666667
205,BUB1B,0.122222222
206,C4BPA,1.188888889
207,C5AR1,30.28888889
208,CAB39,4.505555556
209,CABLES1,0.088888889
210,CACNA1A,0.111111111
211,CALD1,0.088888889
212,CALM1,567.4055556
213,CALM2,945.4388889
214,CALR,97.82777778
215,CAMK2B,0.222222222
216,CAMK2D,7.094444444
217,CAMK2G,26.62222222
218,CAMK4,7.294444444
219,CANX,34.79444444
220,CAPN1,35.18888889
221,CAPN2,50.63333333
222,CASP1,122.05
223,CASP2,24.17222222
224,CASP3,72.52777778
225,CASP4,128.4888889
226,CASP5,3.416666667
227,CASP6,11.47222222
228,CASP7,9.811111111
229,CASP8AP2,11.02777778
230,CASP9,15.18333333
231,CAST,61.84444444
232,CASZ1,0.188888889
233,CAT,345.5055556
234,CAV1,0.694444444
235,CBL,1.488888889
236,CBLB,3.838888889
237,CBS,0.172222222
238,CCAR2,21.09444444
239,CCDC12,110.9444444
240,CCDC57,0.966666667
241,CCDC6,1.427777778
242,CCDC88C,3.766666667
243,CCDC91,5.422222222
244,CCL17,0.016666667
245,CCL19,0.016666667
246,CCL2,0.566666667
247,CCL20,0.316666667
248,CCL22,0.333333333
249,CCL3,1.277777778
250,CCL4,55.42222222
251,CCL5,595.2388889
252,CCM2,52.80555556
253,CCNA1,2.161111111
254,CCNA2,0.35
255,CCNB1,5.088888889
256,CCND1,0.161111111
257,CCND2,8.272222222
258,CCND3,309.5944444
259,CCNE1,0.144444444
260,CCNE2,0.688888889
261,CCNG1,42
262,CCNG2,3.666666667
263,CCNH,24.23333333
264,CCNK,5.727777778
265,CCNY,5.122222222
266,CCR1,31.92777778
267,CCR2,75.64444444
268,CCR3,261.4333333
269,CCR4,3.977777778
270,CCR5,6.711111111
271,CCR7,598.4888889
272,CCRL2,5.061111111
273,CCSER1,0.005555556
274,CD14,212.6611111
275,CD180,11.86111111
276,CD2,257.4333333
277,CD22,9.655555556
278,CD226,9.866666667
279,CD244,50.46111111
280,CD247,104.7555556
281,CD274,0.811111111
282,CD28,15.63888889
283,CD33,29.54444444
284,CD34,0.033333333
285,CD36,89.85
286,CD4,74.3
287,CD44,161.9388889
288,CD47,118.5055556
289,CD48,221.7166667
290,CD5,29.60555556
291,CD58,37.47777778
292,CD68,606.7833333
293,CD69,9.644444444
294,CD74,6294.172222
295,CD80,0.161111111
296,CD82,98.15
297,CD83,6.638888889
298,CD86,19.84444444
299,CD93,3.772222222
300,CDC14A,5.816666667
301,CDC14B,0.994444444
302,CDC20,1.866666667
303,CDC25A,0.016666667
304,CDC25B,10.72777778
305,CDC25C,0.077777778
306,CDC34,2.077777778
307,CDC37,82.88333333
308,CDC42,149.8222222
309,CDC42BPA,0.011111111
310,CDC42BPB,0.027777778
311,CDC42EP3,44.43333333
312,CDC42SE2,93.01666667
313,CDC6,0.527777778
314,CDC7,1.633333333
315,CDH1,0.377777778
316,CDH13,0.572222222
317,CDH2,0.183333333
318,CDH23,4.161111111
319,CDK1,0.65
320,CDK11B,4.55
321,CDK12,2.672222222
322,CDK14,1.2
323,CDK16,5.327777778
324,CDK19,0.683333333
325,CDK2,3.327777778
326,CDK4,49.46666667
327,CDK5,15.86666667
328,CDK5R1,0.394444444
329,CDK5RAP2,3.144444444
330,CDK6,1.955555556
331,CDK7,11.71111111
332,CDK9,6.844444444
333,CDKAL1,5.383333333
334,CDKN1A,10.53333333
335,CDKN1B,5.972222222
336,CDKN1C,20.48888889
337,CDKN2A,7.05
338,CDKN2C,5.877777778
339,CDKN3,2.705555556
340,CDYL,1.488888889
341,CEBPA,2.744444444
342,CEBPB,2.438888889
343,CEBPD,2.9
344,CELF1,11.66666667
345,CEP128,1.672222222
346,CEP85L,5.977777778
347,CFAP46,0.027777778
348,CFL1,1911.4
349,CFLAR,55.24444444
350,CGN,0.138888889
351,CHD2,28.04444444
352,CHD9,27.48888889
353,CHEK1,1.327777778
354,CHEK2,3.622222222
355,CHI3L1,16.75555556
356,CHKA,0.722222222
357,CHMP4C,0.194444444
358,CHN1,1.105555556
359,CHN2,3.561111111
360,CHST15,8.272222222
361,CHUK,1.233333333
362,CIC,0.472222222
363,CISH,19.18888889
364,CKM,0.061111111
365,CKS1B,32.8
366,CLC,2091.861111
367,CLEC16A,1.7
368,CLIC2,4.083333333
369,CLIP2,0.144444444
370,CLSPN,0.144444444
371,CMIP,0.427777778
372,CMKLR1,3.216666667
373,CMTM7,66.71666667
374,CMTR1,4.244444444
375,CNIH3,0.022222222
376,CNKSR1,0.1
377,CNR1,0.038888889
378,COBL,0.072222222
379,COL18A1,0.255555556
380,COL27A1,0.005555556
381,COP1,2.744444444
382,COPS5,33.52777778
383,COPS6,151.0444444
384,CPEB4,0.772222222
385,CPQ,34.46666667
386,CR2,2.016666667
387,CRADD,18.85555556
388,CREB1,27.23333333
389,CREB5,10.01666667
390,CREBBP,1.427777778
391,CREM,8.177777778
392,CRK,3.638888889
393,CRKL,14.57777778
394,CRLF2,0.066666667
395,CRMP1,0.016666667
396,CSF1,1.605555556
397,CSF1R,61.45
398,CSF2,0.433333333
399,CSGALNACT1,13.08888889
400,CSK,77.33888889
401,CSMD1,0.005555556
402,CSN1S1,0.061111111
403,CSNK1A1,57.21111111
404,CSNK1A1L,0.344444444
405,CSNK1D,13.47777778
406,CSNK1E,3.238888889
407,CSNK2A1,21.11666667
408,CSNK2A2,9.888888889
409,CSNK2B,15.98888889
410,CSRP1,30.84444444
411,CTBP1,19.73333333
412,CTCF,3.744444444
413,CTGF,0.416666667
414,CTNNA1,11.34444444
415,CTNNB1,8.3
416,CTNND1,3.094444444
417,CTSB,371.8611111
418,CTSD,139.8055556
419,CTSG,2.005555556
420,CTSH,37.64444444
421,CTSL,15.26111111
422,CTTN,0.344444444
423,CUBN,0.033333333
424,CUEDC1,1.5
425,CUL1,21.56111111
426,CUX1,6.366666667
427,CX3CL1,0.033333333
428,CXCL1,1.622222222
429,CXCL10,5.411111111
430,CXCL11,0.022222222
431,CXCL12,0.016666667
432,CXCL2,0.144444444
433,CXCL3,0.005555556
434,CXCL5,0.011111111
435,CXCL8,15.99444444
436,CXCL9,0.033333333
437,CXCR5,7.883333333
438,CXorf36,0.011111111
439,CYLD,21.94444444
440,CYP19A1,0.005555556
441,CYP24A1,0.022222222
442,CYP27B1,0.038888889
443,CYTH1,61.94444444
444,CYTH4,48.22777778
445,DAAM1,4.8
446,DAB2,4.038888889
447,DAB2IP,0.027777778
448,DAG1,0.811111111
449,DAP3,112.7222222
450,DAPK1,2.727777778
451,DAPK2,16.66111111
452,DAPK3,17.93888889
453,DAPP1,57.49444444
454,DAXX,15.85
455,DBF4,0.172222222
456,DBI,464.2166667
457,DBNL,223.2333333
458,DCDC1,0.011111111
459,DCN,1.733333333
460,DCP1B,6.283333333
461,DCUN1D3,0.45
462,DDB1,35.28888889
463,DDB2,14.00555556
464,DDIT4,156.4277778
465,DDR1,0.055555556
466,DDR2,0.011111111
467,DDX50,15.9
468,DDX58,8.183333333
469,DDX60L,4.827777778
470,DENND1A,4.944444444
471,DENND1B,0.822222222
472,DENND3,6.061111111
473,DEPTOR,1.394444444
474,DERA,30.02777778
475,DGKG,0.466666667
476,DHRS3,31
477,DHX58,4.305555556
478,DIABLO,16.90277778
479,DIAPH1,15.56666667
480,DIS3L2,3.794444444
481,DLC1,0.188888889
482,DLG1,0.605555556
483,DLG2,0.005555556
484,DLL1,0.283333333
485,DMAP1,24.66666667
486,DMXL2,0.722222222
487,DNAJA3,6.194444444
488,DNAJB12,14.54444444
489,DNAJC5,2.594444444
490,DNM1L,7.661111111
491,DNM2,4.266666667
492,DNMT1,18.96111111
493,DOCK1,0.044444444
494,DOCK10,6.283333333
495,DOCK4,0.144444444
496,DOCK5,3.061111111
497,DOK1,10.86111111
498,DOK4,0.083333333
499,DPM1,17.22777778
500,DPP4,6.011111111
501,DPYD,17.21111111
502,DPYSL2,18.32222222
503,DSE,1.105555556
504,DST,0.322222222
505,DTNA,0.933333333
506,DTNB,3.005555556
507,DTNBP1,15.66666667
508,DTWD1,10.2
509,DTX1,0.033333333
510,DTX3L,10.32222222
511,DUOX2,0.005555556
512,DUSP1,519.4611111
513,DUSP10,4.105555556
514,DUSP11,54.13888889
515,DUSP16,0.572222222
516,DUSP19,0.488888889
517,DUSP22,16.21666667
518,DUSP26,0.005555556
519,DUSP3,7.266666667
520,DUSP4,0.394444444
521,DUSP5,1.838888889
522,DUSP6,202.0277778
523,DUSP7,3.983333333
524,DVL1,0.15
525,DVL2,6.466666667
526,DVL3,0.572222222
527,DYM,18.44444444
528,DYNC2H1,0.116666667
529,DYRK1A,1.005555556
530,DYRK2,1.933333333
531,E2F1,0.15
532,E2F2,0.455555556
533,E2F3,1.838888889
534,E2F4,6.9
535,E2F6,0.294444444
536,E2F7,0.133333333
537,EARS2,2.861111111
538,EBI3,1.672222222
539,ECE1,4.888888889
540,ECSIT,23.20555556
541,EDEM2,47.20555556
542,EDN1,0.266666667
543,EEF1A1,6241.944444
544,EEF2K,0.111111111
545,EFCAB2,1.611111111
546,EFCAB5,0.394444444
547,EFHC1,1.116666667
548,EFNA5,0.205555556
549,EGF,0.011111111
550,EGLN3,1.7
551,EGR1,0.727777778
552,EGR2,0.411111111
553,EHD1,26.06666667
554,EHF,0.083333333
555,EHMT2,0.011111111
556,EI24,6.338888889
557,EIF2A,34.22222222
558,EIF2AK1,6.844444444
559,EIF2AK2,13.43333333
560,EIF2AK3,0.694444444
561,EIF2AK4,11.46111111
562,EIF2S1,45.17222222
563,EIF3H,292.7277778
564,EIF4B,80.24444444
565,EIF4E,35.97777778
566,EIF4EBP1,72.14444444
567,EIF4G2,271.3277778
568,ELAVL1,19.76111111
569,ELF1,74.26111111
570,ELF3,0.016666667
571,ELF4,4.288888889
572,ELF5,0.05
573,ELK1,5.361111111
574,ELL,4.272222222
575,ELMO1,32.51666667
576,ELMSAN1,0.4
577,ELP1,6.194444444
578,ELP3,16.77777778
579,EMC2,18.71111111
580,EMCN,0.016666667
581,EML2,4.15
582,ENAH,0.016666667
583,ENC1,0.744444444
584,ENOX2,9.616666667
585,ENPP2,3.772222222
586,ENTPD1,16.86666667
587,EP300,1.727777778
588,EP400,1.216666667
589,EPAS1,1.311111111
590,EPB41L2,2.2
591,EPB41L3,1.244444444
592,EPCAM,0.011111111
593,EPHA1,0.494444444
594,EPHA2,0.477777778
595,EPHA4,0.938888889
596,EPHB2,0.044444444
597,EPHB3,0.044444444
598,EPHB4,0.311111111
599,EPOR,2.922222222
600,EPS15,10.15
601,EPS8,2.411111111
602,EPSTI1,21.95
603,ERAP1,16.16111111
604,ERBB2,0.744444444
605,ERBB3,0.316666667
606,ERBIN,4.366666667
607,ERC1,1.294444444
608,ERCC1,69.26111111
609,ERCC5,16.66666667
610,ERCC6,3.883333333
611,EREG,0.083333333
612,ERG,0.016666667
613,ERGIC1,6.577777778
614,ERN1,3.144444444
615,ERRFI1,0.194444444
616,ESR1,0.055555556
617,ESR2,0.205555556
618,ESYT2,2.844444444
619,ETS1,15.63333333
620,ETS2,8.677777778
621,ETV3,3.627777778
622,ETV6,2.883333333
623,ETV7,3.005555556
624,EVL,13.73333333
625,EXOC4,9.661111111
626,EXOC6,5.188888889
627,EXT1,0.405555556
628,EZH2,2.011111111
629,EZR,169.5166667
630,F2R,4.444444444
631,F3,0.05
632,F5,1.261111111
633,F8,3.016666667
634,FAF1,3.116666667
635,FAM111A,2.583333333
636,FAM129A,6.705555556
637,FAM129B,0.116666667
638,FAM13A,1.094444444
639,FAM171A1,1.05
640,FAM172A,6.2
641,FAM19A2,2.494444444
642,FAM49B,172.3444444
643,FAM78A,7.95
644,FANCG,3.85
645,FAS,21.04444444
646,FASLG,11.7
647,FBLN1,0.255555556
648,FBLN2,0.677777778
649,FBP1,46.86111111
650,FBXL17,0.255555556
651,FBXO11,1.577777778
652,FBXO31,0.277777778
653,FBXO5,3.305555556
654,FBXW11,6.9
655,FBXW7,3.861111111
656,FCER1A,1021.172222
657,FCER1G,1249.366667
658,FCER2,30.61666667
659,FCGR1A,11.81666667
660,FCGR2A,146.5333333
661,FCGRT,368.6055556
662,FCHSD2,8.911111111
663,FCRL5,1.194444444
664,FDPS,76.5
665,FDXR,4.8
666,FEN1,11.97222222
667,FER,2.266666667
668,FES,46.59444444
669,FGF1,0.133333333
670,FGF14,0.011111111
671,FGF8,0.511111111
672,FGFR1,0.755555556
673,FGFR2,0.638888889
674,FGFR4,0.061111111
675,FGGY,2.277777778
676,FGR,130.9777778
677,FHAD1,0.161111111
678,FHIT,9.666666667
679,FHL2,1.027777778
680,FILIP1L,0.427777778
681,FKBP1A,332.1277778
682,FKBP5,60.36666667
683,FKBP8,17.53888889
684,FLI1,10.28888889
685,FLNA,19.21666667
686,FLNB,3.305555556
687,FLT1,0.083333333
688,FLT3,5.166666667
689,FLT4,0.3
690,FMN1,0.083333333
691,FMR1,2.033333333
692,FNBP1,7.522222222
693,FNDC3B,4.966666667
694,FNIP2,0.816666667
695,FNTA,8.627777778
696,FOCAD,2.45
697,FOS,32.03333333
698,FOSL2,5.394444444
699,FOXC1,0.005555556
700,FOXJ3,6.783333333
701,FOXK1,1.25
702,FOXM1,0.016666667
703,FOXN3,25.45
704,FOXO1,1.394444444
705,FOXO3,3.138888889
706,FOXP1,27.21666667
707,FPR2,55.74444444
708,FRK,0.327777778
709,FRMD3,0.538888889
710,FRMD4B,6.883333333
711,FRMD5,0.055555556
712,FRMD6,0.127777778
713,FRS2,2.816666667
714,FRY,1.477777778
715,FRYL,1.872222222
716,FSCN1,0.15
717,FST,0.022222222
718,FTO,18.18333333
719,FURIN,1.938888889
720,FUS,30.36666667
721,FYB1,206.8611111
722,FYN,45.78888889
723,FZR1,0.716666667
724,G3BP1,58.25
725,GAB1,1.011111111
726,GAB2,2
727,GABBR2,0.033333333
728,GABPA,4.688888889
729,GADD45A,6.105555556
730,GADD45B,41.93888889
731,GADD45G,0.25
732,GALNT10,1.655555556
733,GALNT2,4.733333333
734,GAPDH,1368.222222
735,GAS6,4.361111111
736,GAS7,4.044444444
737,GATA1,23.99444444
738,GATA3,12.82222222
739,GATAD2A,2.433333333
740,GBP1,51.89444444
741,GCK,0.255555556
742,GCLC,0.933333333
743,GCNT2,0.322222222
744,GDF15,0.277777778
745,GDF9,0.011111111
746,GDNF,0.005555556
747,GEM,0.083333333
748,GFAP,0.694444444
749,GFI1B,27.43888889
750,GHR,0.016666667
751,GIT1,1.377777778
752,GLI1,0.155555556
753,GLIPR2,150.6166667
754,GLIS3,0.027777778
755,GLRX,261.4944444
756,GLS,3.083333333
757,GM2A,10.67777778
758,GMDS,7.394444444
759,GML,0.061111111
760,GNA11,0.966666667
761,GNA12,0.5
762,GNA13,6.466666667
763,GNA14,1.133333333
764,GNA15,10.81666667
765,GNAI1,2.677777778
766,GNAI2,23.58888889
767,GNAI3,8.172222222
768,GNAQ,3.538888889
769,GNAS,45.24444444
770,GNAZ,0.111111111
771,GNB2,24.20555556
772,GNB3,0.005555556
773,GNB5,16.91666667
774,GNG2,98.81111111
775,GNG4,0.166666667
776,GNRHR,0.005555556
777,GOLPH3,8.1
778,GORASP1,2.9
779,GPATCH2,2.322222222
780,GPC3,0.238888889
781,GPC6,0.022222222
782,GPCPD1,3.983333333
783,GPD2,0.838888889
784,GPNMB,0.377777778
785,GPR107,1.355555556
786,GPR132,4.994444444
787,GPR141,2.772222222
788,GPR146,8.416666667
789,GRAMD1A,5.055555556
790,GRAMD1B,1.2
791,GRAP2,17.93888889
792,GRB10,0.65
793,GRB2,86.75555556
794,GRB7,0.011111111
795,GREB1,0.116666667
796,GRIK2,0.122222222
797,GRK2,10.30555556
798,GRK5,4.1
799,GRK6,23.4
800,GRM5,0.005555556
801,GRN,372.3166667
802,GSAP,6.688888889
803,GSE1,0.994444444
804,GSK3A,0.277777778
805,GSK3B,1.777777778
806,GSN,152.1611111
807,GSTK1,315.1166667
808,GSTP1,861.2055556
809,GTDC1,4.455555556
810,GTF2H1,9.177777778
811,GTF2I,11.68333333
812,GULP1,0.033333333
813,GZMB,494.1333333
814,H2AFX,1.35
815,HABP4,0.538888889
816,HAMP,0.311111111
817,HBEGF,0.283333333
818,HBP1,48.22222222
819,HCFC1,1.983333333
820,HCK,217.5888889
821,HDAC1,110.5111111
822,HDAC2,32.8
823,HDAC3,40.45
824,HDAC4,5.516666667
825,HDAC6,4.205555556
826,HDAC7,0.816666667
827,HDAC9,11.91111111
828,HERC1,6.338888889
829,HERC2,0.011111111
830,HGF,6.911111111
831,HHAT,0.583333333
832,HIC1,0.122222222
833,HIF1A,22.83888889
834,HIPK2,1.877777778
835,HIPK3,5.755555556
836,HIST1H2AM,13.57222222
837,HIST1H2BB,1.55
838,HIST1H3C,0.3
839,HIST2H2AC,28.44444444
840,HIVEP1,2.911111111
841,HIVEP2,0.622222222
842,HIVEP3,0.25
843,HK1,47.8
844,HK2,5.722222222
845,HLA-A,113.6666667
846,HLA-B,283.9444444
847,HLA-DMA,1.483333333
848,HLA-DMB,7.894444444
849,HLA-DOA,1.822222222
850,HLA-DOB,17.11111111
851,HLA-DPA1,54.76111111
852,HLA-DPB1,119.0222222
853,HLA-DQA1,86.59444444
854,HLA-DQB1,61.16111111
855,HLA-DRA,79.13888889
856,HLA-DRB1,116.9
857,HLA-DRB5,10.31111111
858,HLA-E,162.0833333
859,HLA-F,21.89444444
860,HLX,9.883333333
861,HM13,154.1166667
862,HMCN1,0.027777778
863,HMGA1,34.82777778
864,HMGB1,495.5444444
865,HMGB2,142.8166667
866,HMGN1,132.8
867,HMOX1,29.19444444
868,HNF1A,0.016666667
869,HNRNPK,351.4111111
870,HNRNPL,0.794444444
871,HNRNPM,66.71111111
872,HNRNPR,34.70555556
873,HNRNPU,17.74444444
874,HNRNPUL1,9.983333333
875,HOOK2,1.016666667
876,HOXA7,0.366666667
877,HOXA9,1.505555556
878,HOXB7,0.477777778
879,HPCAL1,30.53888889
880,HRAS,0.327777778
881,HRH1,0.077777778
882,HS1BP3,7.133333333
883,HSF1,16.93333333
884,HSP90AA1,132.0944444
885,HSP90AB1,302.3277778
886,HSP90B1,141.4111111
887,HSPA1A,1.333333333
888,HSPA1B,0.016666667
889,HSPB1,53.08888889
890,HSPD1,47.98888889
891,HTR6,0.016666667
892,HTRA2,4.233333333
893,HTT,0.783333333
894,ICAM1,9.583333333
895,ICAM4,15.76111111
896,ID1,0.066666667
897,ID2,215.45
898,ID3,30.36666667
899,IDO1,22.67222222
900,IDO2,0.011111111
901,IER3,0.005555556
902,IER5,1.611111111
903,IFI16,55.02222222
904,IFI27,0.877777778
905,IFI35,50.80555556
906,IFI6,141.1833333
907,IFIT1,17.83888889
908,IFIT3,43.13333333
909,IFITM1,1047.705556
910,IFITM3,431.9555556
911,IFNA2,0.005555556
912,IFNB1,0.011111111
913,IFNG,1.161111111
914,IFNLR1,1.361111111
915,IGF1,0.1
916,IGF1R,0.6
917,IGF2R,1.427777778
918,IGFBP3,6.066666667
919,IKBKE,16.56666667
920,IL12A,0.222222222
921,IL13RA1,3.383333333
922,IL15,4.944444444
923,IL15RA,12.62777778
924,IL16,162.0722222
925,IL17D,0.022222222
926,IL18,5.677777778
927,IL1B,5.627777778
928,IL1R1,0.116666667
929,IL1RAP,6.605555556
930,IL2,0.011111111
931,IL23A,7.594444444
932,IL27,0.644444444
933,IL3RA,135.7722222
934,IL4,19.4
935,IL4R,8.744444444
936,IL5,0.05
937,IL6,0.361111111
938,ILK,156.0888889
939,IMMP2L,15.47777778
940,ING1,12.45
941,INPP4A,1.794444444
942,INPP4B,6.738888889
943,INPP5D,10.21111111
944,INSR,2.944444444
945,INTS7,8.155555556
946,IPCEF1,15.19444444
947,IQGAP1,19.67222222
948,IQGAP2,3.794444444
949,IQSEC1,2.772222222
950,IRAK2,2.166666667
951,IRF1,143.6888889
952,IRF2,93.17222222
953,IRF5,12.85555556
954,IRS1,0.005555556
955,IRS2,0.322222222
956,ISG20,369.5944444
957,ITGA11,0.072222222
958,ITGA2,0.016666667
959,ITGA3,0.016666667
960,ITGA4,44.56666667
961,ITGA5,16.98888889
962,ITGA6,4.566666667
963,ITGA9,0.016666667
964,ITGAL,23.52222222
965,ITGAM,21.07777778
966,ITGAV,0.522222222
967,ITGAX,16.12222222
968,ITGB1,97.80555556
969,ITGB3,0.166666667
970,ITGB4,0.555555556
971,ITGB5,0.138888889
972,ITGB7,32.91666667
973,ITGB8,0.688888889
974,ITPR1,1.394444444
975,ITPR2,5.427777778
976,ITSN1,0.977777778
977,JADE2,2.45
978,JAG1,0.066666667
979,JAK2,15.2
980,JAM3,0.894444444
981,JMJD1C,2.55
982,JUN,1.038888889
983,JUNB,75.58888889
984,JUND,6.411111111
985,KALRN,0.161111111
986,KAT2A,0.188888889
987,KAT2B,0.783333333
988,KAT5,31.03333333
989,KAT6A,1.777777778
990,KAT6B,0.744444444
991,KAT8,5.211111111
992,KAZN,0.122222222
993,KCNJ15,15.09444444
994,KCNK1,0.344444444
995,KCNMA1,0.244444444
996,KCNN3,0.35
997,KCTD1,0.038888889
998,KDM1A,3.338888889
999,KDM2A,1.733333333
1000,KDM2B,3.927777778
1001,KDM4C,7.811111111
1002,KDM5A,27.97222222
1003,KDM6B,0.777777778
1004,KEAP1,33.76666667
1005,KHDRBS1,6.977777778
1006,KHDRBS2,0.738888889
1007,KHSRP,3.172222222
1008,KIAA1217,0.05
1009,KIAA1324L,0.594444444
1010,KIF2A,25.87777778
1011,KIR2DL1,0.005555556
1012,KIR3DL1,0.161111111
1013,KIT,2.488888889
1014,KLF11,3.322222222
1015,KLF2,33.26111111
1016,KLF4,0.65
1017,KLF5,1.016666667
1018,KLF6,111.2277778
1019,KLF7,9.561111111
1020,KLF9,0.344444444
1021,KLHL6,2.694444444
1022,KLK2,0.388888889
1023,KLRC1,41.16666667
1024,KLRD1,95.3
1025,KLRK1,69.25
1026,KMT2B,0.088888889
1027,KMT5A,1.405555556
1028,KNG1,0.033333333
1029,KPNA2,27.98333333
1030,KPNB1,8.316666667
1031,KRAS,13.90555556
1032,KRT1,0.2
1033,KRT8,0.316666667
1034,KSR1,0.594444444
1035,KTN1,67.19444444
1036,KYNU,32.22777778
1037,LAMA2,0.116666667
1038,LAMA3,0.005555556
1039,LAMB2,0.044444444
1040,LAMC1,0.05
1041,LAP3,64.38333333
1042,LAPTM4B,0.394444444
1043,LAPTM5,677.6777778
1044,LASP1,22.63888889
1045,LATS1,4.05
1046,LATS2,0.233333333
1047,LCP2,37.68888889
1048,LDB2,0.111111111
1049,LDLR,3.494444444
1050,LEF1,26.09444444
1051,LEPR,0.594444444
1052,LGALS3,87
1053,LHFPL2,1.211111111
1054,LIF,0.005555556
1055,LIMCH1,0.072222222
1056,LIMD1,1.544444444
1057,LIMK1,2.194444444
1058,LIMK2,9.261111111
1059,LIMS1,54.02777778
1060,LIPA,58.94444444
1061,LITAF,328.9444444
1062,LMBR1,0.655555556
1063,LMNA,16.9
1064,LMO2,0.377777778
1065,LMTK2,0.2
1066,LPL,0.338888889
1067,LPP,3.922222222
1068,LRCH1,0.988888889
1069,LRIG1,0.088888889
1070,LRP1,0.527777778
1071,LRP1B,0.011111111
1072,LRP6,0.011111111
1073,LRRFIP1,84.01111111
1074,LRRK2,6.233333333
1075,LSAMP,0.161111111
1076,LTB,62.75
1077,LTBP1,0.2
1078,LTBR,12.71666667
1079,LTF,1.127777778
1080,LTK,0.694444444
1081,LUZP2,0.016666667
1082,LY96,40.36111111
1083,LYL1,1.033333333
1084,LYN,18.62222222
1085,MACF1,4.094444444
1086,MACROD2,1.477777778
1087,MAD1L1,62.60555556
1088,MADCAM1,0.516666667
1089,MAF,2.816666667
1090,MAF1,82.36666667
1091,MAFG,1.294444444
1092,MAGI2,0.211111111
1093,MAML3,1.255555556
1094,MAN1A1,0.95
1095,MAP1LC3A,5.227777778
1096,MAP2,0.066666667
1097,MAP2K1,5.561111111
1098,MAP2K2,14.81111111
1099,MAP2K3,44.91111111
1100,MAP2K4,2.011111111
1101,MAP2K5,5.394444444
1102,MAP2K6,9.55
1103,MAP2K7,0.555555556
1104,MAP3K1,2.033333333
1105,MAP3K11,5.194444444
1106,MAP3K12,0.255555556
1107,MAP3K2,2.072222222
1108,MAP3K20,2.538888889
1109,MAP3K3,5.544444444
1110,MAP3K4,5.355555556
1111,MAP3K5,1.85
1112,MAP3K7,12.37222222
1113,MAP3K8,18.18333333
1114,MAP4,9.15
1115,MAP4K1,12.57222222
1116,MAP4K2,5.788888889
1117,MAP4K3,0.127777778
1118,MAP4K4,2.855555556
1119,MAP4K5,7.311111111
1120,MAPK1,4.477777778
1121,MAPK10,1.088888889
1122,MAPK12,0.038888889
1123,MAPK13,15.98333333
1124,MAPK14,9.322222222
1125,MAPK3,5.105555556
1126,MAPK7,2.55
1127,MAPK8,1.327777778
1128,MAPK8IP1,0.077777778
1129,MAPK8IP3,0.111111111
1130,MAPK9,1.644444444
1131,MAPKAP1,5.45
1132,MAPKAPK2,2.527777778
1133,MAPKAPK3,69.18333333
1134,MAPKAPK5,2.716666667
1135,MAPT,0.038888889
1136,MARCKS,2.094444444
1137,MARK2,1.472222222
1138,MARK3,8.761111111
1139,MAST2,0.25
1140,MAST4,2.277777778
1141,MAT2A,18.56666667
1142,MATK,12.21111111
1143,MAVS,1.288888889
1144,MAX,164.4388889
1145,MBNL1,59.74444444
1146,MBP,14.73888889
1147,MCC,0.272222222
1148,MCF2L,0.083333333
1149,MCF2L2,0.138888889
1150,MCL1,20.40555556
1151,MCM3,33.88888889
1152,MCM7,3.205555556
1153,MCPH1,2.972222222
1154,MCTP1,10.22222222
1155,MDC1,0.2
1156,MDK,0.227777778
1157,MDM2,4.633333333
1158,MDM4,4.872222222
1159,MECOM,0.033333333
1160,MED14,1.783333333
1161,MED15,13.49444444
1162,MED16,40.93333333
1163,MED28,4.738888889
1164,MED4,68.26111111
1165,MEF2C,35.72222222
1166,MEF2D,1.3
1167,MEIS1,0.272222222
1168,MELK,0.138888889
1169,MEN1,1.061111111
1170,MERTK,0.688888889
1171,MET,0.005555556
1172,METTL8,3.016666667
1173,METTL9,17.06111111
1174,MGAT1,92.08333333
1175,MGLL,14.81666667
1176,MGMT,23.50555556
1177,MGRN1,2.827777778
1178,MICA,0.444444444
1179,MICAL2,1.922222222
1180,MICALL1,0.438888889
1181,MID1,0.044444444
1182,MINK1,0.666666667
1183,MIPOL1,0.083333333
1184,MITF,1.55
1185,MKI67,0.027777778
1186,MKL1,34.77222222
1187,MKNK1,17.56666667
1188,MKNK2,9.7
1189,MKRN1,26.35
1190,MLH1,13.42777778
1191,MLLT3,3.444444444
1192,MMP13,0.122222222
1193,MMP9,10.21111111
1194,MNT,0.25
1195,MOB1A,50.83333333
1196,MOB1B,0.505555556
1197,MOV10,6.594444444
1198,MPG,52.86111111
1199,MPL,0.016666667
1200,MPRIP,11.02777778
1201,MPZ,0.016666667
1202,MPZL1,18.49444444
1203,MR1,15.72777778
1204,MRC1,0.255555556
1205,MRE11,6.627777778
1206,MRPL27,114.8888889
1207,MRPS27,24.82777778
1208,MS4A1,46.67777778
1209,MS4A2,18.46666667
1210,MSC,4.383333333
1211,MSGN1,0.005555556
1212,MSH2,6.633333333
1213,MSI2,0.677777778
1214,MST1,0.016666667
1215,MST1R,0.027777778
1216,MTA1,0.272222222
1217,MTHFD1L,0.405555556
1218,MTHFR,1.522222222
1219,MTMR9,0.644444444
1220,MTOR,1.194444444
1221,MTSS1,20.15
1222,MUC1,0.133333333
1223,MVP,77.71666667
1224,MX1,35.29444444
1225,MYB,0.716666667
1226,MYBL2,4.927777778
1227,MYBPC3,0.005555556
1228,MYC,73.39444444
1229,MYCBP2,2.527777778
1230,MYEOV,0.005555556
1231,MYH9,22.62222222
1232,MYLK,0.911111111
1233,MYO18A,0.283333333
1234,MYO1B,0.044444444
1235,MYO3B,0.011111111
1236,MYO9B,2.811111111
1237,MYOF,3.683333333
1238,MZF1,2.011111111
1239,N4BP1,1.2
1240,NAA35,5.227777778
1241,NAALADL2,0.011111111
1242,NABP1,6.838888889
1243,NAIP,0.894444444
1244,NAV2,0.011111111
1245,NAV3,0.066666667
1246,NBN,14.12777778
1247,NCAM1,3.661111111
1248,NCBP1,8.555555556
1249,NCK1,23.78333333
1250,NCK2,8.611111111
1251,NCL,125.9611111
1252,NCOA1,3.805555556
1253,NCOA2,1.822222222
1254,NCOA3,3.577777778
1255,NCOA7,13.16111111
1256,NCOR2,0.672222222
1257,NDRG1,4.383333333
1258,NDRG2,15.8
1259,NDST1,1.216666667
1260,NEDD4,0.233333333
1261,NEDD4L,0.683333333
1262,NEDD9,17.51111111
1263,NEK2,0.388888889
1264,NEK6,21.46111111
1265,NEK7,3.005555556
1266,NEK9,1.938888889
1267,NEO1,0.127777778
1268,NF1,1.405555556
1269,NF2,9.9
1270,NFAM1,9.338888889
1271,NFASC,0.005555556
1272,NFATC1,4.644444444
1273,NFATC2,1.877777778
1274,NFATC3,10.61666667
1275,NFIA,1.6
1276,NFIB,0.033333333
1277,NFIC,2.338888889
1278,NFKBIZ,5.688888889
1279,NFYA,4.555555556
1280,NFYB,18.91111111
1281,NFYC,42.7
1282,NGFR,0.072222222
1283,NIN,5.8
1284,NINJ1,173.3944444
1285,NKIRAS1,4.655555556
1286,NKX3-1,5.322222222
1287,NLK,1.366666667
1288,NLRC5,3.638888889
1289,NLRP2,0.361111111
1290,NME1,34.76111111
1291,NME7,6.322222222
1292,NMI,71.85555556
1293,NOD1,6.111111111
1294,NOL3,0.433333333
1295,NOLC1,13.58888889
1296,NOS1,0.033333333
1297,NOS3,0.605555556
1298,NOTCH1,0.672222222
1299,NOTCH2,2.677777778
1300,NOTCH3,0.027777778
1301,NOXA1,0.266666667
1302,NPM1,502.1277778
1303,NQO1,4.694444444
1304,NQO2,40.86666667
1305,NR1D1,3.338888889
1306,NR1H2,90.2
1307,NR2C2,1.061111111
1308,NR2F6,1.266666667
1309,NR3C1,22.05
1310,NR3C2,0.327777778
1311,NR4A1,4.627777778
1312,NR4A2,0.9
1313,NR4A3,0.011111111
1314,NRAS,11.43333333
1315,NRCAM,0.127777778
1316,NRG1,2.277777778
1317,NRIP1,0.4
1318,NRP1,2.711111111
1319,NRP2,0.016666667
1320,NRXN1,0.061111111
1321,NRXN3,0.022222222
1322,NSD1,7.477777778
1323,NSMAF,5.844444444
1324,NTM,0.894444444
1325,NTRK1,3.738888889
1326,NTRK2,0.005555556
1327,NTRK3,0.005555556
1328,NUAK1,0.011111111
1329,NUAK2,18.67777778
1330,NUMB,42.40555556
1331,NUMBL,0.194444444
1332,NUP153,2.15
1333,NUP210,3.855555556
1334,NXN,0.072222222
1335,OAS2,24.45555556
1336,OAS3,4.061111111
1337,OASL,31.83333333
1338,OCLN,0.077777778
1339,OGG1,12.61111111
1340,OGT,5.405555556
1341,OLR1,0.355555556
1342,OPRD1,0.138888889
1343,OPRM1,0.022222222
1344,OPTN,28.51666667
1345,OSBPL10,0.661111111
1346,OSBPL3,3.766666667
1347,OSBPL8,43.00555556
1348,OSBPL9,22.99444444
1349,OSM,5.35
1350,OTUB1,147.8555556
1351,OXSR1,2.094444444
1352,P2RY6,7.027777778
1353,PA2G4,94.82777778
1354,PACRG,0.633333333
1355,PACSIN2,16.63333333
1356,PAG1,4.161111111
1357,PAK1,74.82777778
1358,PAK2,16.62777778
1359,PAK3,0.077777778
1360,PAK4,0.633333333
1361,PAK6,0.55
1362,PALLD,1.7
1363,PANK2,5.016666667
1364,PAPD7,0.3
1365,PARD3,0.3
1366,PARD6A,3.227777778
1367,PARK7,407.7666667
1368,PARP1,59.06666667
1369,PARP10,2.833333333
1370,PARP14,9.111111111
1371,PARP9,23.85
1372,PAX5,3.288888889
1373,PAX6,0.005555556
1374,PAX8,0.416666667
1375,PBK,0.05
1376,PBX1,0.044444444
1377,PCBP2,32.86111111
1378,PCBP3,0.511111111
1379,PCBP4,4.083333333
1380,PCK2,6
1381,PCNA,27.23888889
1382,PDE4B,16.96666667
1383,PDE4D,4.472222222
1384,PDE7A,3.683333333
1385,PDGFA,2.316666667
1386,PDGFB,1.983333333
1387,PDGFC,0.033333333
1388,PDGFRA,0.061111111
1389,PDGFRB,0.161111111
1390,PDIA3,9.683333333
1391,PDK1,7.05
1392,PDK2,13.5
1393,PDLIM5,22.06666667
1394,PDPK1,4.866666667
1395,PDZRN3,0.1
1396,PEA15,15.16111111
1397,PEBP1,111.8222222
1398,PECAM1,116.4388889
1399,PEG3,0.011111111
1400,PELI1,8.888888889
1401,PELI3,0.838888889
1402,PER1,0.505555556
1403,PER2,1.272222222
1404,PERP,3.466666667
1405,PFKFB3,4.433333333
1406,PFN1,5444.261111
1407,PGF,0.055555556
1408,PGK1,179.8555556
1409,PGPEP1,4.405555556
1410,PGS1,12.43333333
1411,PHACTR1,7.838888889
1412,PHACTR2,3.366666667
1413,PHACTR4,1.888888889
1414,PHB,133.1055556
1415,PHF2,0.672222222
1416,PHLDA3,0.122222222
1417,PHLDB2,0.727777778
1418,PHLPP1,0.3
1419,PHLPP2,0.216666667
1420,PIAS1,22.23888889
1421,PIAS3,7.694444444
1422,PIAS4,11.44444444
1423,PIDD1,0.316666667
1424,PIEZO1,4.25
1425,PIGR,0.155555556
1426,PIK3AP1,16.8
1427,PIK3C2B,0.477777778
1428,PIK3C3,10.43333333
1429,PIK3CA,1.605555556
1430,PIK3CB,3.811111111
1431,PIK3CG,9.916666667
1432,PIK3R2,0.316666667
1433,PIK3R4,5.538888889
1434,PIK3R5,10.8
1435,PIM1,46.75555556
1436,PIM2,94
1437,PIM3,3.411111111
1438,PIN1,171.0555556
1439,PINK1,1.416666667
1440,PIP4K2A,75.90555556
1441,PIP5K1C,0.45
1442,PKD2,0.216666667
1443,PKIA,2.588888889
1444,PKIG,31.13333333
1445,PKM,237.6777778
1446,PKMYT1,0.105555556
1447,PKN1,23.31666667
1448,PKN2,9.027777778
1449,PLA2G4A,1.844444444
1450,PLAC8,365.7555556
1451,PLAGL1,5.383333333
1452,PLAT,0.077777778
1453,PLAU,0.233333333
1454,PLAUR,160.8611111
1455,PLB1,1.311111111
1456,PLCB1,0.538888889
1457,PLCB2,1.605555556
1458,PLCB4,0.161111111
1459,PLCE1,0.216666667
1460,PLCG1,1.933333333
1461,PLD1,1.127777778
1462,PLD2,1.7
1463,PLEC,0.627777778
1464,PLEKHA2,3.272222222
1465,PLEKHA7,0.422222222
1466,PLEKHG3,5.605555556
1467,PLEKHO1,11.38888889
1468,PLK1,0.466666667
1469,PLK2,1.111111111
1470,PLK3,3.394444444
1471,PLN,0.011111111
1472,PLSCR1,42.99444444
1473,PLSCR2,0.077777778
1474,PLSCR3,31.06666667
1475,PLXNA1,0.005555556
1476,PLXNA2,0.005555556
1477,PLXNB2,3.666666667
1478,PLXNC1,3.15
1479,PMAIP1,24.47222222
1480,PML,11.74444444
1481,PMP22,5.383333333
1482,PNKP,7.766666667
1483,PNPLA8,19.56111111
1484,POLA2,4.394444444
1485,POLD4,138.2055556
1486,POLE,0.2
1487,POLR1A,0.416666667
1488,PON2,4.433333333
1489,POU2F1,2.105555556
1490,POU2F2,13.35555556
1491,PPARA,1.255555556
1492,PPARG,0.038888889
1493,PPFIA2,0.022222222
1494,PPFIBP2,4.444444444
1495,PPIA,998.6055556
1496,PPL,0.005555556
1497,PPM1A,1.622222222
1498,PPM1B,3.783333333
1499,PPM1D,8.9
1500,PPM1G,48.12222222
1501,PPM1H,0.327777778
1502,PPM1J,4.127777778
1503,PPM1M,14.22222222
1504,PPP1CA,652.8833333
1505,PPP1CB,55.84444444
1506,PPP1CC,21.46666667
1507,PPP1R12A,66.05555556
1508,PPP1R13L,0.077777778
1509,PPP1R14A,29.29444444
1510,PPP1R15A,46.31111111
1511,PPP1R1B,0.038888889
1512,PPP1R2,98.32222222
1513,PPP1R9B,1.488888889
1514,PPP2CA,53.52222222
1515,PPP2CB,1.938888889
1516,PPP2R1A,142.0777778
1517,PPP2R2A,3.077777778
1518,PPP2R2B,8.111111111
1519,PPP2R5A,3.938888889
1520,PPP2R5C,101.1444444
1521,PPP2R5D,13.8
1522,PPP3CA,41.81111111
1523,PPP3CC,11.3
1524,PPP3R1,0.522222222
1525,PPP4C,81.58333333
1526,PPP5C,13.41666667
1527,PPP6C,24.93888889
1528,PRDM1,9.166666667
1529,PRDM14,0.111111111
1530,PRDM16,0.138888889
1531,PRDX1,198.9666667
1532,PREX1,2.483333333
1533,PRKAA1,8.216666667
1534,PRKAB1,28.35555556
1535,PRKACA,1.088888889
1536,PRKAG2,6.727777778
1537,PRKAR1A,67.33333333
1538,PRKAR1B,4.916666667
1539,PRKAR2A,5.638888889
1540,PRKAR2B,0.122222222
1541,PRKCA,0.3
1542,PRKCB,22.68888889
1543,PRKCE,0.4
1544,PRKCH,47.36666667
1545,PRKCI,0.927777778
1546,PRKCQ,9.816666667
1547,PRKCZ,1.261111111
1548,PRKD1,0.005555556
1549,PRKD2,2.288888889
1550,PRKG1,0.238888889
1551,PRKN,0.816666667
1552,PRKRA,23.23333333
1553,PRLR,0.066666667
1554,PRMT5,18.53888889
1555,PROC,3.388888889
1556,PRODH,0.005555556
1557,PROS1,0.094444444
1558,PROX1,0.005555556
1559,PRPF40A,68.03888889
1560,PRPF4B,5.95
1561,PRR5,7.694444444
1562,PRUNE2,0.155555556
1563,PSD3,0.188888889
1564,PSD4,3.555555556
1565,PSEN1,48.36111111
1566,PSEN2,9.455555556
1567,PSMB9,89.04444444
1568,PSMD1,24.16666667
1569,PSTPIP2,17.07222222
1570,PTAFR,93.48888889
1571,PTGFR,0.005555556
1572,PTGS2,0.511111111
1573,PTHLH,0.027777778
1574,PTK2,2.061111111
1575,PTK2B,28.92222222
1576,PTK6,0.266666667
1577,PTK7,0.844444444
1578,PTMA,1561.2
1579,PTP4A1,41.56666667
1580,PTP4A2,65.22222222
1581,PTPA,14.69444444
1582,PTPN1,10.57777778
1583,PTPN11,12.71666667
1584,PTPN12,3.211111111
1585,PTPN13,0.261111111
1586,PTPN18,5.6
1587,PTPN2,39.13333333
1588,PTPN22,9.261111111
1589,PTPN3,0.027777778
1590,PTPN5,0.005555556
1591,PTPN6,328.1722222
1592,PTPN7,8.127777778
1593,PTPRA,3.577777778
1594,PTPRE,91.33888889
1595,PTPRG,0.005555556
1596,PTPRH,0.005555556
1597,PTPRJ,1.488888889
1598,PTPRM,0.977777778
1599,PTTG1,26.52222222
1600,PTTG1IP,88.3
1601,PTX3,0.077777778
1602,PURA,0.55
1603,PWP2,2.061111111
1604,PXDN,0.022222222
1605,PXN,35.48888889
1606,PYCARD,398.1166667
1607,RAB31,19.00555556
1608,RAB3GAP2,4
1609,RABGGTA,6.677777778
1610,RAC1,46.25555556
1611,RACGAP1,6.455555556
1612,RACK1,440.8888889
1613,RAD1,3.972222222
1614,RAD17,3.438888889
1615,RAD18,2.194444444
1616,RAD50,3.455555556
1617,RAD51B,6.905555556
1618,RAD9A,2.955555556
1619,RAF1,30.19444444
1620,RALBP1,17.02777778
1621,RALGAPA2,1.144444444
1622,RALGDS,6.122222222
1623,RAN,453.9
1624,RANGAP1,7.427777778
1625,RAP1A,19.34444444
1626,RAP1B,230.0944444
1627,RAP1GAP2,1.422222222
1628,RAP2A,0.822222222
1629,RAPGEF1,1.838888889
1630,RAPGEF2,0.938888889
1631,RAPGEF4,0.005555556
1632,RARA,8.566666667
1633,RARG,3.644444444
1634,RASA1,1.016666667
1635,RASA3,9.844444444
1636,RASAL2,0.022222222
1637,RASGEF1B,4.983333333
1638,RASGRF1,0.005555556
1639,RASGRP3,2.266666667
1640,RASSF1,45.10555556
1641,RASSF2,30.56666667
1642,RASSF4,14.33888889
1643,RASSF5,86.4
1644,RB1,11.05555556
1645,RB1CC1,13.85
1646,RBAK,0.283333333
1647,RBBP8,6.372222222
1648,RBFOX3,0.011111111
1649,RBL1,1.916666667
1650,RBM19,4.877777778
1651,RBM47,12.44444444
1652,RBMS1,12.29444444
1653,RBMS3,0.233333333
1654,RBP1,0.038888889
1655,RBPJ,84.44444444
1656,RBPMS,0.066666667
1657,RBX1,102.2611111
1658,RCAN1,1.072222222
1659,RCC2,1.294444444
1660,RCHY1,5.794444444
1661,RCN1,6.816666667
1662,RDX,10.96111111
1663,RECQL5,3.588888889
1664,RERE,4.588888889
1665,RET,0.266666667
1666,REV3L,0.927777778
1667,RFTN1,31.32222222
1668,RFX3,3.588888889
1669,RGCC,17.98888889
1670,RGS12,0.272222222
1671,RGS16,1.75
1672,RGS19,183.7888889
1673,RHBDD2,76.31111111
1674,RHBDF2,6.305555556
1675,RHEB,28.73333333
1676,RHEBL1,2.844444444
1677,RHOA,653.3
1678,RHOF,44.41666667
1679,RHOG,220.6777778
1680,RICTOR,4.9
1681,RIN1,2.894444444
1682,RIN2,0.183333333
1683,RIN3,17.96666667
1684,RIPK2,6.833333333
1685,RIPK3,2.788888889
1686,RIPOR2,169.9
1687,RNF11,3.461111111
1688,RNF144B,10.27222222
1689,RNF213,19.03888889
1690,RNF216,10.43888889
1691,RNF8,5.644444444
1692,RNLS,1.827777778
1693,ROBO1,0.044444444
1694,ROCK1,4.155555556
1695,ROCK2,0.433333333
1696,ROR1,0.055555556
1697,ROR2,0.066666667
1698,RORA,6.905555556
1699,RPA1,40.1
1700,RPA2,165.1944444
1701,RPGRIP1L,0.855555556
1702,RPL10,4534.188889
1703,RPL13,3992.338889
1704,RPL39L,15
1705,RPS19,9015.133333
1706,RPS24,1744.061111
1707,RPS27A,2506.916667
1708,RPS27L,122.8111111
1709,RPS3,1021.316667
1710,RPS6,3431.738889
1711,RPS6KA1,33.36111111
1712,RPS6KA2,1.933333333
1713,RPS6KA3,4.944444444
1714,RPS6KA4,1.272222222
1715,RPS6KA5,6.294444444
1716,RPS6KB1,12.12777778
1717,RPS6KB2,24.31111111
1718,RPTOR,0.5
1719,RRAS,2.805555556
1720,RRAS2,1.877777778
1721,RREB1,1.927777778
1722,RRM1,11.60555556
1723,RRM2B,5.183333333
1724,RSAD2,7.705555556
1725,RSF1,22.27777778
1726,RTN4,17.07222222
1727,RTTN,0.244444444
1728,RUNX1,3.65
1729,RUNX2,4.65
1730,RUNX3,8.472222222
1731,RUVBL1,12.92777778
1732,RXRA,3.233333333
1733,RXYLT1,2.227777778
1734,RYK,1.055555556
1735,S100A10,398.4888889
1736,S100A11,2347.988889
1737,S100A2,1.333333333
1738,S100A4,3671.322222
1739,S100A6,1579.416667
1740,S100A9,2628.088889
1741,S100B,52.92222222
1742,SAA1,0.055555556
1743,SAA2,0.183333333
1744,SAMD4A,0.25
1745,SAMSN1,47.77222222
1746,SASH1,0.222222222
1747,SBF2,0.244444444
1748,SBNO2,0.183333333
1749,SCAF11,21.74444444
1750,SCAPER,10.98888889
1751,SCARB1,4.455555556
1752,SCHIP1,0.544444444
1753,SCMH1,1.266666667
1754,SCN3B,0.066666667
1755,SDC2,0.661111111
1756,SDC4,1.016666667
1757,SDK1,0.016666667
1758,SEC14L1,22.83888889
1759,SELP,0.9
1760,SELPLG,450.5
1761,SEMA3C,3.272222222
1762,SEMA4B,2.055555556
1763,SEMA4D,13.2
1764,SEMA6A,0.027777778
1765,SERPINB1,71.31111111
1766,SERPINB5,0.005555556
1767,SERPIND1,0.122222222
1768,SERPINE1,0.583333333
1769,SERTAD1,12.88333333
1770,SERTAD2,1.5
1771,SESN1,21.58888889
1772,SESN2,1.877777778
1773,SFN,0.188888889
1774,SFSWAP,3.105555556
1775,SGK1,16.43888889
1776,SGK3,10.73888889
1777,SGMS1,7.3
1778,SH2B1,1.461111111
1779,SH2B2,0.316666667
1780,SH2B3,2.122222222
1781,SH2D2A,16.50555556
1782,SH3BP1,1.094444444
1783,SH3BP4,0.311111111
1784,SH3BP5,16.87222222
1785,SH3RF1,0.694444444
1786,SH3TC1,3.583333333
1787,SHANK2,0.016666667
1788,SHB,0.233333333
1789,SHC1,28.79444444
1790,SHH,0.011111111
1791,SIAH1,8.05
1792,SIGLEC10,89.83333333
1793,SIK1,0.027777778
1794,SIK2,0.4
1795,SIK3,0.372222222
1796,SIL1,20.02222222
1797,SIPA1L1,3.4
1798,SIPA1L2,0.205555556
1799,SIRPA,6.111111111
1800,SIRT1,1.122222222
1801,SIRT2,33.48888889
1802,SIRT6,8.5
1803,SIVA1,150.3555556
1804,SKAP1,69.66666667
1805,SKI,0.05
1806,SKP2,6.733333333
1807,SLA,85.03888889
1808,SLC12A4,1.15
1809,SLC12A8,0.011111111
1810,SLC1A2,0.161111111
1811,SLC1A3,0.172222222
1812,SLC22A23,0.027777778
1813,SLC25A37,3.405555556
1814,SLC2A1,4.161111111
1815,SLC2A4,0.005555556
1816,SLC37A1,8.45
1817,SLC44A3,0.133333333
1818,SLC6A6,6.938888889
1819,SLC8A1,3.216666667
1820,SLC9A1,0.494444444
1821,SLC9A3R1,216.6611111
1822,SLCO3A1,1.666666667
1823,SLIT3,0.077777778
1824,SLK,0.75
1825,SLPI,12.45555556
1826,SLX4IP,0.977777778
1827,SMAD1,4.127777778
1828,SMAD2,27.78888889
1829,SMAD3,1.533333333
1830,SMAD4,0.833333333
1831,SMAD7,0.872222222
1832,SMARCA4,6.344444444
1833,SMC1A,12.21111111
1834,SMC3,13.35555556
1835,SMCO4,74.58333333
1836,SMCR8,0.355555556
1837,SMG1,5.172222222
1838,SMG6,0.927777778
1839,SMOC1,0.094444444
1840,SMPD3,8.711111111
1841,SMURF1,0.144444444
1842,SMURF2,1.133333333
1843,SMYD3,11.01666667
1844,SNAI1,0.083333333
1845,SNAP47,23.71666667
1846,SNCA,16.17222222
1847,SNCB,0.027777778
1848,SND1,50.57777778
1849,SNRK,7.816666667
1850,SNRNP27,20.73333333
1851,SNTA1,1.122222222
1852,SNX25,0.166666667
1853,SNX30,0.444444444
1854,SNX8,7.566666667
1855,SOCS1,2.627777778
1856,SOCS2,19.36666667
1857,SOCS3,1.083333333
1858,SOCS4,1.2
1859,SOCS5,0.972222222
1860,SOCS6,0.688888889
1861,SOCS7,0.088888889
1862,SOD2,123.925
1863,SORBS1,0.383333333
1864,SORBS2,0.005555556
1865,SORBS3,5.861111111
1866,SOS1,1.038888889
1867,SOX6,0.072222222
1868,SP1,1.655555556
1869,SP140L,12.46111111
1870,SP2,6.377777778
1871,SP3,17.18888889
1872,SPAG9,1.5
1873,SPATS2L,9
1874,SPECC1L,2.322222222
1875,SPI1,15.98888889
1876,SPIB,54.34444444
1877,SPIDR,5.327777778
1878,SPIRE1,0.033333333
1879,SPOCK1,0.038888889
1880,SPP1,1.044444444
1881,SPRY1,8.088888889
1882,SPTBN1,3.072222222
1883,SQOR,77.58888889
1884,SQSTM1,235.8444444
1885,SRC,0.411111111
1886,SRF,0.516666667
1887,SRGN,635.3444444
1888,SRPK1,12.28888889
1889,SSBP2,20.83888889
1890,SSBP3,0.766666667
1891,SSH1,0.833333333
1892,SSTR2,0.305555556
1893,ST3GAL1,23.16111111
1894,ST3GAL2,3.344444444
1895,ST6GAL1,34.82777778
1896,ST7,3.533333333
1897,STAG1,3.833333333
1898,STAM,12.52777778
1899,STAM2,3.072222222
1900,STARD13,0.061111111
1901,STAT4,28.78333333
1902,STAT5A,12.55555556
1903,STAT6,11.7
1904,STEAP3,0.561111111
1905,STK10,22.15
1906,STK11,1.95
1907,STK17A,7.166666667
1908,STK24,7.15
1909,STK3,2.683333333
1910,STK38,40.52222222
1911,STK39,0.338888889
1912,STK40,3.922222222
1913,STOML2,69.81111111
1914,STRADB,12.77777778
1915,STX1A,0.1
1916,STXBP1,0.138888889
1917,STXBP5,1.177777778
1918,STXBP6,0.133333333
1919,SUB1,205.2611111
1920,SUGCT,0.244444444
1921,SUGT1,28.41666667
1922,SULF2,7.011111111
1923,SUMO1,194.5833333
1924,SUSD1,4.255555556
1925,SVIL,1.883333333
1926,SYK,31.54444444
1927,SYNE1,9.716666667
1928,SYNE2,14.33333333
1929,SYT1,0.127777778
1930,TAB1,3.05
1931,TAB2,1.977777778
1932,TAB3,0.161111111
1933,TACC1,8.55
1934,TAF1,1.138888889
1935,TAF1B,8.016666667
1936,TAGLN,5.688888889
1937,TAL1,0.055555556
1938,TANC1,0.016666667
1939,TAOK1,0.638888889
1940,TAOK2,0.527777778
1941,TAOK3,54.39444444
1942,TAX1BP1,80.89444444
1943,TBC1D1,8.055555556
1944,TBC1D14,8.816666667
1945,TBC1D2B,0.694444444
1946,TBC1D31,4.688888889
1947,TBC1D4,3.561111111
1948,TBC1D5,6.155555556
1949,TBCA,135.5777778
1950,TBL1XR1,5.372222222
1951,TBP,35.31111111
1952,TBX21,3.222222222
1953,TBXAS1,104.2333333
1954,TCEAL1,14.21666667
1955,TCF12,13.72222222
1956,TCF4,43.58888889
1957,TCF7,18.2
1958,TCF7L2,6.161111111
1959,TDGF1,0.138888889
1960,TDP1,16.28333333
1961,TEAD2,0.161111111
1962,TEAD3,0.016666667
1963,TEC,1.9
1964,TEK,0.011111111
1965,TENM4,0.005555556
1966,TERF1,11.41111111
1967,TERF2,4.95
1968,TESK1,0.527777778
1969,TFDP1,4.555555556
1970,TFEB,12.32222222
1971,TFF3,0.305555556
1972,TG,0.088888889
1973,TGFA,2.572222222
1974,TGFB1I1,0.511111111
1975,TGFB2,0.027777778
1976,TGFBI,48.26666667
1977,TGFBR3,6.988888889
1978,TGIF1,30.16666667
1979,TGM2,0.072222222
1980,THADA,3.616666667
1981,THAP12,2.938888889
1982,THBS1,2.25
1983,THSD7A,0.2
1984,TIAM1,6.911111111
1985,TIAM2,1.505555556
1986,TICAM2,2.327777778
1987,TIE1,0.222222222
1988,TIMP1,199.1
1989,TIMP3,0.016666667
1990,TJP2,0.088888889
1991,TKT,90.90555556
1992,TLE1,1.755555556
1993,TLE4,4.927777778
1994,TLK1,5.827777778
1995,TLN1,4.016666667
1996,TLR1,12.12777778
1997,TLR10,3.922222222
1998,TLR2,41.93333333
1999,TLR4,16.68333333
2000,TLR5,5.8
2001,TLR6,1.122222222
2002,TLR7,3.627777778
2003,TLR8,3.538888889
2004,TLR9,4.627777778
2005,TMEM2,1.094444444
2006,TMEM204,25.88333333
2007,TMEM30A,38.25
2008,TMTC2,0.094444444
2009,TMX3,3.305555556
2010,TNC,0.005555556
2011,TNF,1.916666667
2012,TNFAIP8,154.1444444
2013,TNFAIP8L1,2.505555556
2014,TNFRSF10A,7.527777778
2015,TNFRSF10B,4.372222222
2016,TNFRSF10C,94.59444444
2017,TNFRSF10D,1.133333333
2018,TNFRSF11B,0.155555556
2019,TNFRSF1B,62.52777778
2020,TNFRSF21,3.761111111
2021,TNFRSF25,1.855555556
2022,TNFRSF8,9.183333333
2023,TNFSF10,58.59444444
2024,TNFSF13B,81.43333333
2025,TNFSF4,0.388888889
2026,TNFSF8,10.85
2027,TNIK,2.394444444
2028,TNIP1,13.25
2029,TNIP2,8.777777778
2030,TNIP3,0.933333333
2031,TNK2,0.888888889
2032,TNKS1BP1,0.016666667
2033,TNRC6B,69.26666667
2034,TNS1,0.038888889
2035,TNS3,0.983333333
2036,TOLLIP,56.38333333
2037,TOP1,9.05
2038,TOPBP1,0.861111111
2039,TOX2,0.677777778
2040,TP53AIP1,0.011111111
2041,TP53BP1,1.133333333
2042,TP53BP2,1.216666667
2043,TP53I3,4.422222222
2044,TP53INP1,6.227777778
2045,TP53RK,17.08333333
2046,TP63,0.244444444
2047,TP73,0.011111111
2048,TPCN1,3.572222222
2049,TPD52,10.06111111
2050,TPD52L1,0.588888889
2051,TPRG1,1.133333333
2052,TRADD,48.41666667
2053,TRAF1,2.605555556
2054,TRAF2,10.33333333
2055,TRAF4,4.816666667
2056,TRAF5,8.277777778
2057,TRAF6,15.66666667
2058,TRAPPC9,3.716666667
2059,TRH,0.011111111
2060,TRIAP1,34.39444444
2061,TRIB3,6.755555556
2062,TRIM21,96.72222222
2063,TRIM24,0.4
2064,TRIM25,2.488888889
2065,TRIM28,12.13333333
2066,TRIM55,0.005555556
2067,TRIM56,1.4
2068,TRIM69,0.466666667
2069,TRIO,0.377777778
2070,TRIP6,0.927777778
2071,TRPC1,0.027777778
2072,TRPM6,1.477777778
2073,TRPS1,0.95
2074,TRPV1,0.077777778
2075,TRPV4,0.027777778
2076,TSC1,2.094444444
2077,TSC2,1.85
2078,TSC22D3,649.8722222
2079,TSHR,0.577777778
2080,TSNARE1,0.516666667
2081,TSPAN14,58.19444444
2082,TSPAN3,80.72777778
2083,TSPAN9,0.022222222
2084,TTC1,67.91111111
2085,TTC7B,0.883333333
2086,TTK,0.155555556
2087,TUB,0.005555556
2088,TUBA1C,15.95
2089,TUBB,14.84444444
2090,TUBGCP5,2.35
2091,TUSC3,0.011111111
2092,TXK,22.47777778
2093,TXN,309.9111111
2094,TXNIP,585.7388889
2095,TXNRD1,31.16111111
2096,TYMS,1.727777778
2097,TYRO3,0.238888889
2098,TYROBP,1217.883333
2099,UBA52,1842.972222
2100,UBB,2673.45
2101,UBC,394.4222222
2102,UBE2F,47.88888889
2103,UBE2H,2.216666667
2104,UBE2I,179.8333333
2105,UBE2L3,71.72777778
2106,UBE2N,101.8333333
2107,UBR1,1.961111111
2108,UBR3,0.622222222
2109,UHRF1,0.711111111
2110,UIMC1,13.21111111
2111,ULK1,0.633333333
2112,ULK2,0.6
2113,UPP1,19.12777778
2114,UQCC1,13.02777778
2115,USF1,1.605555556
2116,USF2,11.21111111
2117,USP1,12.61666667
2118,USP10,67.33333333
2119,USP34,2.294444444
2120,USP4,57.77777778
2121,USP6,0.022222222
2122,USP7,3.672222222
2123,USP9X,3.216666667
2124,UST,0.411111111
2125,UTP14A,11.93333333
2126,UTRN,38.14444444
2127,UVRAG,9.361111111
2128,VAC14,2.3
2129,VASP,7.494444444
2130,VAV1,17.4
2131,VAV2,0.511111111
2132,VAV3,1.288888889
2133,VCAM1,0.061111111
2134,VCAN,16.93888889
2135,VCL,9.933333333
2136,VCP,43.41666667
2137,VDR,1.333333333
2138,VEGFA,0.016666667
2139,VEGFB,5.161111111
2140,VEPH1,0.027777778
2141,VGLL4,6.061111111
2142,VHL,1.322222222
2143,VIM,310.8666667
2144,VMP1,196.5777778
2145,VOPP1,24.45555556
2146,VPS13A,0.883333333
2147,VPS13D,0.872222222
2148,VPS33B,5.5
2149,VPS53,2.744444444
2150,VPS8,6.816666667
2151,VRK1,25.96666667
2152,VRK2,18.52777778
2153,VTN,0.044444444
2154,VWA5A,6.627777778
2155,VWF,0.005555556
2156,WARS,275.3444444
2157,WASF1,0.95
2158,WASF2,40.58333333
2159,WASL,1.383333333
2160,WDFY3,0.1
2161,WEE1,1.477777778
2162,WNK1,2.222222222
2163,WNT1,0.916666667
2164,WRN,0.905555556
2165,WWC1,0.005555556
2166,WWTR1,0.127777778
2167,XAF1,5.883333333
2168,XPA,23.48333333
2169,XPC,16.87222222
2170,XPO1,3.905555556
2171,XRCC5,140.4222222
2172,XRCC6,220.9888889
2173,XXYLT1,1.894444444
2174,XYLT1,0.166666667
2175,YBX3,1.322222222
2176,YES1,1.344444444
2177,YWHAB,82.99444444
2178,YWHAE,51.60555556
2179,YWHAG,1.105555556
2180,YWHAH,11.07222222
2181,YWHAQ,137.2333333
2182,YWHAZ,381.6666667
2183,YY1,5.65
2184,ZBTB16,5.522222222
2185,ZBTB20,5.616666667
2186,ZBTB7B,0.666666667
2187,ZBTB7C,0.155555556
2188,ZC3HAV1,36.85555556
2189,ZCCHC2,0.333333333
2190,ZDHHC14,0.122222222
2191,ZEB2,14.03333333
2192,ZFP1,1.15
2193,ZFP30,1.061111111
2194,ZFP36,56.35
2195,ZFP36L1,264.6666667
2196,ZFYVE9,0.044444444
2197,ZMAT3,1.022222222
2198,ZMIZ1,1.411111111
2199,ZMYND8,10.69444444
2200,ZNF107,4.133333333
2201,ZNF112,0.044444444
2202,ZNF114,0.466666667
2203,ZNF12,1.2
2204,ZNF124,7.183333333
2205,ZNF140,11.24444444
2206,ZNF148,19.4
2207,ZNF155,4.388888889
2208,ZNF157,0.122222222
2209,ZNF169,2.677777778
2210,ZNF175,0.35
2211,ZNF181,7.744444444
2212,ZNF184,5.416666667
2213,ZNF19,1.077777778
2214,ZNF200,9.638888889
2215,ZNF205,0.205555556
2216,ZNF222,4.122222222
2217,ZNF226,18.76111111
2218,ZNF227,8.544444444
2219,ZNF23,1.188888889
2220,ZNF230,3.766666667
2221,ZNF235,4.883333333
2222,ZNF25,1.483333333
2223,ZNF251,0.511111111
2224,ZNF254,2.494444444
2225,ZNF263,3.077777778
2226,ZNF267,17.16666667
2227,ZNF268,6.911111111
2228,ZNF273,0.511111111
2229,ZNF282,0.477777778
2230,ZNF302,14.25
2231,ZNF331,7.055555556
2232,ZNF333,3.455555556
2233,ZNF337,3.277777778
2234,ZNF33B,9.755555556
2235,ZNF343,2.483333333
2236,ZNF354A,5.111111111
2237,ZNF365,1.183333333
2238,ZNF367,0.066666667
2239,ZNF385D,0.005555556
2240,ZNF398,0.955555556
2241,ZNF407,0.822222222
2242,ZNF41,2.572222222
2243,ZNF417,2.666666667
2244,ZNF418,1.216666667
2245,ZNF419,5.844444444
2246,ZNF425,1.45
2247,ZNF460,0.638888889
2248,ZNF490,0.911111111
2249,ZNF496,0.555555556
2250,ZNF510,2.266666667
2251,ZNF519,0.216666667
2252,ZNF529,1.822222222
2253,ZNF546,0.655555556
2254,ZNF550,2.716666667
2255,ZNF567,4.027777778
2256,ZNF585A,28.10555556
2257,ZNF589,2.688888889
2258,ZNF596,2.027777778
2259,ZNF599,2.111111111
2260,ZNF608,0.205555556
2261,ZNF613,6.388888889
2262,ZNF619,0.8
2263,ZNF630,0.766666667
2264,ZNF655,42.32222222
2265,ZNF669,4.283333333
2266,ZNF670,1.655555556
2267,ZNF680,1.461111111
2268,ZNF689,4.233333333
2269,ZNF713,0.622222222
2270,ZNF721,11.72222222
2271,ZNF746,0.805555556
2272,ZNF764,2.527777778
2273,ZNF777,0.005555556
2274,ZNF778,1.505555556
2275,ZNF782,0.094444444
2276,ZNF786,5.822222222
2277,ZNF79,4.438888889
2278,ZNF8,0.4
2279,ZNF81,1.155555556
2280,ZNF84,6.661111111
2281,ZNF860,0.455555556
2282,ZNF878,0.011111111
2283,ZNF879,3.966666667
2284,ZNRF1,0.4
2285,ZPLD1,0.027777778
2286,ZSWIM6,0.444444444